key,displayName,englishName,scientificName,scientificNameAliases,originCountry,idealTemperatureRange,idealHumidityRange,wateringIntervalDays,lightRequirement,careDifficulty,careMemo,status,lightStars,difficultyStars
monstera_deliciosa,モンステラ,Monstera,Monstera deliciosa,,中央アメリカ（メキシコ〜パナマ）,18〜30℃,50〜60%,7,bright_indirect,easy,土の表面が乾いたらたっぷり水やりを。夏は週1回・冬は2週に1回程度に減らす。直射日光は葉焼けの原因になるためレースカーテン越しの明るい場所に置く。葉が黄色くなるのは水のやりすぎ・茶色く縮れるのは乾燥や光不足のサイン。猫・犬には毒性があるため誤食に注意。,既存,3,2
epipremnum_aureum,ポトス,Pothos,Epipremnum aureum,,フランス領ポリネシア（ソロモン諸島原産）,18〜30℃,40〜60%,7,bright_indirect,easy,乾燥に強く土が乾いてから水やりでOK。夏は週1回・冬は2〜3週に1回で十分。耐陰性が高いが斑入り品種は明るい場所の方が模様が鮮やかに出る。葉がしおれるのは水切れ・根元が黒ずむのは過湿による根腐れのサイン。猫・犬には毒性があるため誤食に注意。,既存,2,1
alocasia,アロカシア,Alocasia Amazonica,Alocasia × amazonica,Alocasia amazonica,東南アジア熱帯地域,20〜28℃,60%以上,5,bright_indirect,medium,乾燥と冷えに弱く土が乾く前に水やりするのが理想。冬は室温15℃以上を保ち水やり頻度は控えめにする。急激な環境変化やエアコンの風で葉が傷みやすいので置き場所を固定する。葉先が茶色くなるのは乾燥・湿度不足のサイン。猫・犬には毒性があるため誤食に注意。,既存,3,3
sansevieria,サンスベリア,Snake Plant,Dracaena trifasciata,Sansevieria trifasciata,西アフリカ（ナイジェリア・コンゴ等）,15〜30℃,30〜50%,14,low_light,easy,乾燥に非常に強く土が完全に乾いてから水やりでOK（夏は月1〜2回・冬は月1回以下）。水のやりすぎによる根腐れが最大の失敗要因。暗い場所でも育つが成長を促したい場合は明るい室内に置く。葉が柔らかくしなだれてきたら根腐れのサイン。猫・犬には軽度の毒性があるため注意。,既存,1,1
anthurium,アンスリウム,Anthurium,Anthurium andraeanum,,中南米（コロンビア・エクアドル）,20〜28℃,60〜70%,6,bright_indirect,medium,高湿度を好むため土の表面が乾いたらたっぷり水やりし葉水も定期的に与える。直射日光は避け明るい日陰で管理する。葉先が茶色くなるのは乾燥・水道水のミネラル過多のサイン。花が減ってきたら液肥を追加すると良い。猫・犬には毒性があるため誤食に注意。,既存,3,3
pachira,パキラ,Money Tree,Pachira aquatica,,中南米（メキシコ〜ブラジル）,15〜30℃,40〜60%,7,bright_indirect,easy,生命力が強く乾燥にも比較的強いが土が乾いたらたっぷり水やりする。冬は休眠期に入るため水やり頻度を大きく減らす。徒長しやすいので明るい場所で管理し伸びすぎたら剪定して樹形を整える。幹がぶよぶよ柔らかくなるのは根腐れのサイン。ペットに対しては比較的安全とされる。,既存,3,1
philodendron,フィロデンドロン,Philodendron,Philodendron hederaceum,,中南米熱帯地域,18〜28℃,50〜60%,7,bright_indirect,easy,つる性で成長が早く土の表面が乾いたら水やりする。明るい日陰を好むが耐陰性もあり多少暗い場所でも育つ。伸びすぎた茎は定期的に剪定し切り戻すことで株元がボリュームアップする。葉が小さくなるのは光不足のサイン。猫・犬には毒性があるため誤食に注意。,既存,2,2
ficus,ゴムの木,Rubber Plant,Ficus elastica,,インド・東南アジア,15〜28℃,40〜60%,8,bright_indirect,easy,丈夫で乾燥にも比較的強く土が乾いたらたっぷり水やりする。葉が大きくほこりが溜まりやすいので濡れ布巾で定期的に拭き取ると光合成効率が上がる。急な環境変化で葉を落とすことがあるため置き場所は固定する。樹液に触れるとかぶれることがあるため手入れ時は注意。ペットが樹液に触れると軽い刺激を起こすことがある。,既存,3,2
zamioculcas,ザミオクルカス,ZZ Plant,Zamioculcas zamiifolia,,東アフリカ（タンザニア等）,15〜30℃,30〜50%,14,low_light,easy,乾燥にとても強く土が完全に乾いてから水やりする（夏は2〜3週に1回・冬は月1回程度）。暗い場所でも育つが過湿には非常に弱く水のやりすぎが枯れる最大の原因。葉が黄色く透明感を帯びてきたら根腐れのサイン。猫・犬には毒性があるため誤食に注意。,既存,1,1
succulent,多肉植物,Echeveria,Echeveria elegans,,メキシコ,10〜28℃,30〜50%,14,bright_direct,easy,日当たりの良い場所で管理し土が完全に乾いてから水やりする（夏は2週に1回・冬は月1回程度）。徒長（間延び）は光不足のサインなのでなるべく屋外や明るい窓際で管理する。葉がしわしわになるのは水切れ・透明で柔らかくなるのは根腐れのサイン。ペットに対しては比較的安全とされる。,既存,5,2
monstera_adansonii,モンステラ・アダンソニー,Swiss Cheese Vine,Monstera adansonii,,中南米熱帯地域,18〜28℃,50〜60%,7,bright_indirect,easy,つる性で穴あき葉が特徴。土の表面が乾いたら水やりし支柱やハンギングで育てると見栄えが良い。成長が早いので伸びすぎたら剪定して形を整える。葉に穴が開かず育つのは光量不足のサイン。猫・犬には毒性があるため誤食に注意。,既存,3,2
haworthia,ハオルチア,Haworthia,Haworthia cooperi,,南アフリカ,10〜28℃,30〜50%,14,bright_indirect,easy,直射日光より明るい日陰を好む多肉植物。土が完全に乾いてから水やりする（夏は2週に1回・冬は月1回程度）。葉が茶色く透明になるのは水のやりすぎ・白っぽく変色するのは強い直射日光による葉焼けのサイン。ペットに対しては比較的安全とされる。,既存,2,1
crassula_ovata,カネノナルキ,Jade Plant,Crassula ovata,,南アフリカ,10〜28℃,30〜50%,14,bright_direct,easy,多肉質の葉に水を蓄えるため水やりは控えめにし土が完全に乾いてから与える。日当たりの良い場所を好み光が不足すると徒長しやすい。葉がぶよぶよと柔らかくなるのは根腐れのサイン。猫・犬には軽度の毒性があるため誤食に注意。,既存,4,1
dracaena_fragrans,ドラセナ（幸福の木）,Dracaena,Dracaena fragrans,,熱帯アフリカ,18〜28℃,40〜60%,8,bright_indirect,easy,耐陰性があり育てやすい定番の観葉植物。土の表面が乾いたら水やりし冬は頻度を減らす。フッ素に敏感で葉先が茶色くなることがあるため水道水は数日汲み置きしてから使うと良い。猫・犬には毒性があるため誤食に注意。,既存,3,2
dracaena_marginata,ドラセナ・マルギナータ,Dragon Tree,Dracaena marginata,,マダガスカル,18〜28℃,40〜60%,8,bright_indirect,easy,細い葉が特徴で乾燥気味の管理を好む。土の表面が乾いてから2〜3日後に水やりするくらいがちょうど良い。明るい日陰〜やや暗い場所でも育つが光不足だと葉のハリがなくなる。猫・犬には毒性があるため誤食に注意。,既存,3,2
spathiphyllum,スパティフィラム,Peace Lily,Spathiphyllum wallisii,,中南米熱帯地域,18〜28℃,50〜60%,5,low_light,easy,水切れすると葉が垂れるが水やり後すぐ復活しやすいのが特徴。低光量にも耐えるが花を咲かせたい場合は明るい日陰に置く。葉先が茶色くなるのは水道水のミネラルや乾燥した空気が原因のことが多い。猫・犬には毒性があるため誤食に注意。,既存,2,2
chamaedorea_elegans,テーブルヤシ,Parlor Palm,Chamaedorea elegans,,メキシコ・グアテマラ,15〜28℃,40〜60%,7,low_light,easy,耐陰性が高く室内向き。土の表面が乾いたら水やりし乾燥する時期は葉水を与えると葉先の枯れを防げる。エアコンの風が直接当たる場所は避ける。葉先が茶色くパリパリになるのは空気の乾燥のサイン。ペットに対しては安全とされる。,既存,1,2
areca_palm,アレカヤシ,Areca Palm,Dypsis lutescens,Chrysalidocarpus lutescens,マダガスカル,18〜28℃,50〜70%,6,bright_indirect,medium,高湿度を好むため土が乾いたらたっぷり水やりし乾燥する季節は葉水を頻繁に与える。明るい日陰で管理し直射日光での葉焼けに注意する。葉先が茶色くなるのは湿度不足か水切れのサイン。ペットに対しては安全とされる。,既存,3,3
calathea,カラテア,Calathea,Calathea orbifolia,,中南米（ブラジル等）,18〜25℃,60%以上,5,low_light,hard,乾燥・直射日光に弱くやや管理が難しい。土を乾かしすぎず葉水と高湿度（60%以上目安）を保つ。水道水の塩素やミネラルに敏感で葉先が茶色くなりやすいためできれば汲み置き水や浄水を使う。夜になると葉を立てて閉じるのが正常な動き。ペットに対しては安全とされる。,既存,2,5
maranta,マランタ,Prayer Plant,Maranta leuconeura,,ブラジル,18〜25℃,60%以上,5,low_light,medium,夜になると葉を閉じる習性がある。乾燥に弱いので土を乾かしすぎず高湿度を保つ。直射日光は葉焼けの原因になるため明るい日陰で管理する。葉が丸まってくるのは乾燥・水切れのサイン。ペットに対しては安全とされる。,既存,2,3
peperomia,ペペロミア,Peperomia,Peperomia obtusifolia,,中南米熱帯地域,18〜28℃,40〜60%,10,bright_indirect,easy,多肉質の葉で乾燥に強く土が完全に乾いてから水やりする。小型で室内向き・明るい日陰で十分育つ。水のやりすぎによる根腐れが失敗の主な原因なので控えめを意識する。ペットに対しては安全とされる。,既存,3,1
hoya,ホヤ（サクララン）,Wax Plant,Hoya carnosa,,東南アジア・オーストラリア,18〜28℃,40〜60%,10,bright_indirect,medium,多肉質の葉を持つつる性植物。水のやりすぎに注意し土が完全に乾いてから水やりする。明るい日陰〜やや明るい場所を好み光が十分だと開花しやすくなる。つぼみができた後は場所を動かさないようにする。低毒性で比較的安全とされるが誤食は避ける。,既存,3,3
syngonium,シンゴニウム,Arrowhead Plant,Syngonium podophyllum,,中南米熱帯地域,18〜28℃,50〜60%,6,bright_indirect,easy,成長が早くつる状に伸びる。土の表面が乾いたら水やりし定期的な剪定で樹形を整える。明るい日陰を好み光不足だと葉の模様がぼやけることがある。猫・犬には毒性があるため誤食に注意。,既存,3,2
aglaonema,アグラオネマ,Chinese Evergreen,Aglaonema commutatum,,東南アジア熱帯地域,18〜28℃,40〜60%,7,low_light,easy,耐陰性が高く室内向き。土の表面が乾いたら水やりし葉色の美しさを保つため直射日光は避ける。低温に弱いため冬は10℃以上を保つ。葉が黒ずむのは寒さによるダメージのサイン。猫・犬には毒性があるため誤食に注意。,既存,1,1
schefflera,シェフレラ（カポック）,Umbrella Tree,Schefflera arboricola,,台湾・東南アジア,15〜28℃,40〜60%,7,bright_indirect,easy,丈夫で育てやすく初心者向け。土の表面が乾いたら水やりし徒長したら剪定して樹形を整える。明るい日陰を好むが耐陰性もある。葉がポロポロ落ちるのは水のやりすぎか環境変化のサイン。猫・犬には毒性があるため誤食に注意。,既存,3,2
aloe_vera,アロエベラ,Aloe Vera,Aloe vera,,アラビア半島（北アフリカ説も）,10〜30℃,30〜50%,14,bright_direct,easy,乾燥に強い多肉植物。日当たりの良い場所で管理し土が完全に乾いてから水やりする（夏は2週に1回・冬は月1回程度）。葉が薄く反り返るのは水切れ・ぶよぶよになるのは根腐れのサイン。皮膚に使う際は食用・観賞用の品種を確認する。猫・犬には毒性があるため誤食に注意。,既存,4,1
tillandsia,チランジア（エアプランツ）,Air Plant,Tillandsia ionantha,,中南米（メキシコ〜アルゼンチン）,15〜28℃,50〜70%,4,bright_indirect,medium,土を使わず霧吹きや水につけて管理する特殊な植物。週2〜3回の霧吹き、または週1回30分程度の水につけ置き（ソーキング）を行う。風通しの良い明るい日陰で管理し水やり後はしっかり乾かす。葉先が茶色くなるのは乾燥のサイン。ペットに対しては安全とされる。,既存,3,3
hedera_helix,アイビー,English Ivy,Hedera helix,,ヨーロッパ,10〜25℃,40〜60%,6,bright_indirect,easy,つる性で成長が早い。土の表面が乾いたら水やりしハンギングでも壁面でも育てやすい。明るい日陰を好み乾燥した室内ではハダニが発生しやすいので葉水で予防する。猫・犬には毒性があるため誤食に注意。,既存,3,2
fatsia_japonica,ヤツデ,Japanese Aralia,Fatsia japonica,,日本,5〜25℃,40〜60%,7,low_light,easy,耐陰性・耐寒性ともに高く丈夫。土の表面が乾いたら水やりし屋外でも育てられる。大きく育つため定期的な剪定で樹形を整える。葉が黄色くなるのは水のやりすぎのサイン。ペットへの毒性は低いとされるが誤食は避ける。,既存,2,1
beaucarnea_recurvata,トックリラン（ポニーテール）,Ponytail Palm,Beaucarnea recurvata,,メキシコ,10〜28℃,30〜50%,14,bright_direct,easy,幹の根元に水を蓄えるため乾燥に強く水やりは控えめでよい（土が完全に乾いてから）。日当たりの良い場所を好み光不足だと徒長する。幹の根元がぶよぶよになるのは水のやりすぎのサイン。ペットに対しては安全とされる。,既存,4,1
strelitzia_nicolai,ストレリチア（極楽鳥花）,White Bird of Paradise,Strelitzia nicolai,,南アフリカ,15〜28℃,40〜60%,6,bright_indirect,medium,大型に育つため広いスペースと明るい光を好む。土の表面が乾いたらたっぷり水やりする。光不足だと新しい葉が出にくくなる。葉が縦に裂けるのは自然な生育の一部で心配不要。ペットには軽度の毒性があるとされ誤食は避ける。,既存,4,3
cyperus_alternifolius,シュロガヤツリ,Umbrella Papyrus,Cyperus alternifolius,,マダガスカル,18〜28℃,60%以上,3,bright_indirect,easy,水を好むため土を乾かさず受け皿に水を溜めても良い。明るい日陰〜明るい場所を好む。乾燥させすぎると葉先が茶色くパリパリになる。ペットに対しては安全とされる。,既存,3,2
adiantum,アジアンタム,Maidenhair Fern,Adiantum raddianum,,熱帯〜亜熱帯地域,15〜25℃,60%以上,3,low_light,hard,乾燥に非常に弱いシダ植物。土を乾かさず葉水と高湿度（60%以上目安）を保つのが最重要。エアコンの風や乾燥した室内は苦手で少しの乾燥でも葉が一気に枯れ込む。枯れても株元が生きていれば復活することがあるので焦らず様子を見る。ペットに対しては安全とされる。,既存,1,5
nephrolepis_exaltata,タマシダ（ボストンファーン）,Boston Fern,Nephrolepis exaltata,,熱帯地域,15〜25℃,60%以上,4,low_light,medium,高湿度を好むシダ植物。土の表面が乾いたら水やりし定期的な葉水が生育の鍵。乾燥した室内では葉先が茶色くパリパリになりやすい。加湿器の近くや浴室に近い場所での管理が向いている。ペットに対しては安全とされる。,既存,2,4
cactus_generic,サボテン,Golden Barrel Cactus,Echinocactus grusonii,,北米・中南米,10〜30℃,20〜40%,21,bright_direct,easy,非常に乾燥に強く水のやりすぎが最大の失敗要因。生育期（春〜秋）は土が完全に乾いてから水やりし休眠期の冬はほぼ断水気味にする。日当たりの良い場所を好み光不足だと徒長する。トゲがあるため取り扱いに注意しペットや小さな子供の手が届かない場所に置く。,既存,5,1
oxalis_triangularis,オキザリス（紫の舞）,Purple Shamrock,Oxalis triangularis,,南米（ブラジル）,15〜25℃,40〜60%,5,bright_indirect,easy,紫色の葉が特徴で夜や暗い場所では葉を閉じる。土の表面が乾いたら水やりし明るい日陰で管理する。休眠期に葉が枯れることがあるが球根が生きていれば復活する。猫・犬が大量に誤食すると中毒を起こす可能性があるため注意。,既存,3,2
ficus_lyrata,ウンベラータ（カシワバゴムノキ）,Fiddle Leaf Fig,Ficus lyrata,,西アフリカ（熱帯雨林）,18〜28℃,40〜60%,8,bright_indirect,medium,大きな葉が特徴で人気。土の表面が乾いたらたっぷり水やりする。置き場所を頻繁に変えると葉を落としやすいので一度決めた場所から動かさないようにする。葉に茶色い斑点が出るのは水のやりすぎのサイン。樹液に触れるとかぶれることがあるため手入れ時は手袋を使うと安心。ペットが樹液に触れると軽い刺激を起こすことがある。,新規,3,3
ficus_benjamina,ベンジャミン,Weeping Fig,Ficus benjamina,,インド・東南アジア,15〜28℃,40〜60%,7,bright_indirect,easy,環境変化に敏感で葉を落としやすいが丈夫。土の表面が乾いたら水やりし日当たりの良い場所を好む。引っ越しや模様替えの直後に落葉しても環境に慣れれば新芽が出て回復する。樹液に触れるとかぶれることがあるため注意。ペットが樹液に触れると軽い刺激を起こすことがある。,新規,3,2
begonia_maculata,ベゴニア・マクラータ,Polka Dot Begonia,Begonia maculata,,ブラジル,18〜25℃,50〜60%,5,bright_indirect,medium,水玉模様の葉が人気。土の表面が乾いたら水やりし過湿による茎の腐敗に注意して風通しを確保する。直射日光は避け明るい日陰で管理する。葉が黒く傷むのはうどんこ病や過湿のサイン。猫・犬には毒性があるため誤食に注意。,新規,3,3
fittonia_albivenis,フィットニア,Nerve Plant,Fittonia albivenis,,南米熱帯雨林,18〜25℃,60%以上,4,low_light,medium,乾燥に非常に弱く葉がすぐしおれる。土を常に軽く湿らせ高湿度を保つ。しおれても水やりですぐ復活することが多いが頻発すると株が弱るので土が乾く前の水やりを心がける。テラリウムでの管理にも向いている。ペットに対しては安全とされる。,新規,2,4
rhaphidophora_tetrasperma,ヒメモンステラ（ラフィドフォラ）,Mini Monstera,Rhaphidophora tetrasperma,,東南アジア（タイ・マレーシア）,18〜28℃,50〜60%,7,bright_indirect,easy,モンステラに似た切れ込み葉を持つつる性植物。土の表面が乾いたら水やりし成長が早いため支柱仕立てにすると見栄えが良い。光不足だと葉に切れ込みが入らず育つ。猫・犬には毒性があるため誤食に注意。,新規,3,2
ceropegia_woodii,ハートカズラ,String of Hearts,Ceropegia woodii,,南アフリカ,15〜28℃,30〜50%,10,bright_indirect,easy,ハート型の小さな葉が連なるつる性多肉植物。土が乾いてから水やりし水のやりすぎに弱い。明るい場所を好み光不足だと葉と葉の間隔が間延びする。塊根（芋）を作る性質がありこれが縮むのは水切れのサイン。ペットへの毒性情報は明確でないため誤食は避ける。,新規,3,2
senecio_rowleyanus,グリーンネックレス,String of Pearls,Senecio rowleyanus,,南西アフリカ（ナミビア等）,15〜25℃,30〜50%,10,bright_direct,medium,丸い葉が連なる多肉植物。過湿に弱くハンギングでの管理が人気。土が完全に乾いてから水やりし風通しの良い明るい場所で管理する。玉がしぼむのは水切れ・割れて透明になるのは水のやりすぎのサイン。猫・犬・人体にも毒性があるため誤食に厳重注意。,新規,4,3
chlorophytum_comosum,オリヅルラン,Spider Plant,Chlorophytum comosum,,南アフリカ,15〜28℃,40〜60%,7,bright_indirect,easy,丈夫で子株をよく出す初心者向け植物。土の表面が乾いたら水やりし乾燥・過湿どちらにも比較的強い。フッ素に敏感な品種は葉先が茶色くなりやすいので汲み置き水がおすすめ。伸びたランナーの子株は切り分けて増やせる。ペットに対しては安全とされるが猫が好んでかじることがあるので誤食量に注意。,新規,2,1
yucca_elephantipes,ユッカ,Spineless Yucca,Yucca gigantea,Yucca elephantipes,メキシコ・中米,15〜30℃,30〜50%,10,bright_direct,easy,乾燥に強く直立した葉が特徴。日当たりの良い場所を好み土が完全に乾いてから水やりする。冬は水やり頻度を大きく減らす。葉先が茶色くなるのは水のやりすぎか根詰まりのサイン。猫・犬には毒性があるため誤食に注意。,新規,4,1
codiaeum_variegatum,クロトン,Croton,Codiaeum variegatum,,東南アジア・太平洋諸島,18〜28℃,50〜60%,6,bright_direct,medium,カラフルな葉色が魅力。葉色を保つには明るい光が必要で寒さと乾燥に弱い。土の表面が乾いたら水やりし冬は10℃以上を保つ。環境が合わないと葉を落としやすいので置き場所は固定する。猫・犬には毒性があるため誤食に注意。,新規,4,3
pilea_peperomioides,ピレア・ペペロミオイデス,Chinese Money Plant,Pilea peperomioides,,中国（雲南省）,15〜25℃,40〜60%,7,bright_indirect,easy,丸い葉がユニークで子株がよく増える人気種。土が乾いたらたっぷり水やりする。定期的に鉢の向きを回転させると葉が均一に育つ。子株は根が出た状態で切り離して増やせる。ペットに対しては安全とされる。,新規,3,2
howea_forsteriana,ケンチャヤシ,Kentia Palm,Howea forsteriana,,オーストラリア（ロードハウ島）,15〜28℃,40〜60%,7,low_light,easy,耐陰性が高く室内向きの人気ヤシ。土の表面が乾いたら水やりし乾燥にも比較的強い。成長がゆっくりなので焦らず育てる。葉先が茶色くなるのは空気の乾燥や水道水のミネラルが原因のことが多い。ペットに対しては安全とされる。,新規,2,2
kalanchoe_tomentosa,カランコエ（月兎耳）,Panda Plant,Kalanchoe tomentosa,,マダガスカル,12〜28℃,30〜50%,14,bright_direct,easy,ビロード状の産毛に覆われた葉が特徴の多肉植物。乾燥に強く水やりは控えめにし土が完全に乾いてから与える。日当たりの良い場所を好むが真夏の強い直射日光は避ける。猫・犬には毒性があるため誤食に注意。,新規,4,1
rhipsalis_baccifera,リプサリス,Mistletoe Cactus,Rhipsalis baccifera,,中南米・アフリカ熱帯地域,15〜25℃,50〜60%,7,low_light,medium,森林性のサボテンで直射日光を嫌う。垂れ下がる茎がハンギングで人気。土の表面が乾いたら水やりし一般的なサボテンより頻度は高めでよい。明るい日陰で管理し乾燥しすぎると茎にシワが寄る。ペットに対しては比較的安全とされる。,新規,2,3
philodendron_birkin,フィロデンドロン・バーキン,Philodendron Birkin,Philodendron 'Birkin',,交配園芸品種（親種は中南米原産）,18〜28℃,50〜60%,7,bright_indirect,easy,春から秋は土の表面が乾いたら鉢底から流れ出るまでたっぷり水を与え、冬は乾かし気味にして頻度を控えます。直射日光は葉焼けの原因になるためレースカーテン越しの明るい室内で管理しましょう。空気が乾燥すると新葉の白い斑が縮れたり葉先が枯れ込みやすいので葉水などで湿度を保つと安心です。サトイモ科でシュウ酸カルシウムを含み犬猫が誤食すると口腔内に炎症を起こす恐れがあるため届かない場所に置いてください。,新規,3,2
philodendron_micans,フィロデンドロン・ミカンス,Philodendron Micans,Philodendron hederaceum,Philodendron scandens f. micans,中央アメリカ〜カリブ海地域,18〜27℃,55〜65%,6,bright_indirect,easy,生育期の春〜秋は土が乾いたらたっぷり水を与え、冬は乾燥気味に管理します。強い光に当てるとビロード状の葉の色つやが失われるため明るい日陰で育てましょう。水切れやツルが徒長して間延びするのはよくある失敗で定期的な剪定で樹形を整えます。サトイモ科植物のため誤食すると口内が荒れる恐れがありペットが触れない場所での管理が必要です。,新規,3,2
philodendron_pink_princess,フィロデンドロン・ピンクプリンセス,Philodendron Pink Princess,Philodendron erubescens 'Pink Princess',,コロンビア原産種の交配園芸品種,20〜28℃,55〜65%,7,bright_indirect,medium,春〜秋は表土が乾いたらたっぷりと水やりし冬は控えめにします。ピンクの斑を保つには明るい光が必要ですが直射日光は葉焼けの原因になるため注意してください。光量不足だと斑が消えて緑一色に戻りやすいためその場合は全緑の茎を剪定すると斑入りの成長点が優勢になります。サトイモ科植物で誤食すると口腔内が炎症を起こす恐れがあるためペットのいる家庭では手の届かない場所に置きましょう。,新規,4,3
philodendron_silver_sword,フィロデンドロン・シルバーソード,Philodendron Silver Sword,Philodendron hastatum,Philodendron 'Silver Sword',ブラジル,18〜27℃,50〜60%,7,bright_indirect,easy,春〜秋は土の表面が乾いたら水を与え冬はやや乾かし気味にします。明るい室内の柔らかい光を好み直射日光は葉焼けを招きます。光不足だと葉が小さく間延びしやすいのでこまめな向き替えと剪定で形を整えましょう。サトイモ科のため誤食による口腔内の刺激が懸念されるためペットが近づかない場所での管理をおすすめします。,新規,3,2
philodendron_gloriosum,フィロデンドロン・グロリオサム,Philodendron Gloriosum,Philodendron gloriosum,,コロンビア,20〜27℃,60〜70%,6,bright_indirect,medium,春〜秋は土の表面が乾いたらたっぷり水を与え冬は乾かし気味にします。地表を這うように育つ性質があるため茎を土に深く埋めすぎないよう浅めに植えるのがコツです。乾燥した室内ではビロード状の葉先が枯れ込みやすいため加湿器や葉水で湿度を高めに保ちましょう。サトイモ科植物で誤食すると口腔内が炎症を起こす恐れがあるためペットのいる家庭では注意してください。,新規,3,3
philodendron_verrucosum,フィロデンドロン・ベルコーサム,Philodendron Verrucosum,Philodendron verrucosum,,コロンビア・エクアドルなど中南米,20〜27℃,70〜80%,5,bright_indirect,hard,高い湿度を好むため春〜秋は土が乾いたらすぐに水を与え冬もやや湿り気を保ちます。強い光や直射日光には弱くレースカーテン越しの明るい日陰が適しています。乾燥した室内では葉が茶色く縮れやすく上級者向けの管理が必要な種です。サトイモ科植物のため誤食すると口腔内の刺激を引き起こす恐れがありペットが触れない環境で管理してください。,新規,3,4
philodendron_selloum,フィロデンドロン・セローム,Philodendron Selloum,Philodendron bipinnatifidum,Philodendron selloum,ブラジル南部,15〜28℃,40〜60%,7,bright_indirect,easy,大型に育つため春〜夏は水切れに注意しこまめに水を与え冬は乾かし気味にします。明るい室内が理想ですが半日陰にもある程度耐えるため置き場所の融通が利きます。水切れで葉が大きく垂れ下がるのがよくあるトラブルサインです。サトイモ科植物で葉が大きく子供やペットの手の届く高さに置きがちなため誤食による口腔内の刺激に注意してください。,新規,3,2
philodendron_scandens,ヒメカズラ,Heartleaf Philodendron,Philodendron hederaceum,Philodendron scandens,中央アメリカ〜西インド諸島,18〜27℃,50〜60%,7,low_light,easy,乾燥にも比較的強く土の表面が乾いてから数日後に水を与える程度で十分です。耐陰性が高く室内のやや暗い場所でも育ちますが光が弱すぎるとツルが間延びしやすくなります。水の与えすぎによる根腐れが最も多い失敗例なので鉢底の水はけを確認しましょう。サトイモ科植物のため誤食すると口腔内が荒れる恐れがありペットが齧らない場所に置いてください。,新規,2,1
philodendron_florida_beauty,フィロデンドロン・フロリダビューティー,Philodendron Florida Beauty,Philodendron 'Florida Beauty',,交配園芸品種（親種は中南米原産）,20〜28℃,55〜65%,7,bright_indirect,medium,春〜秋は表土が乾いたらたっぷり水を与え冬は控えめにします。斑入りの白い模様を保つには明るい日陰が必要で光が不足すると斑が消えて緑一色に戻りやすくなります。深い切れ込みの葉が出にくい場合は光量不足が原因のことが多いため置き場所を見直しましょう。サトイモ科植物で誤食すると口腔内の炎症を招く恐れがあるためペットのいる家庭では注意が必要です。,新規,3,3
alocasia_polly,アロカシア・ポリー,Alocasia Polly,Alocasia × amazonica 'Polly',,交配園芸品種（原種は熱帯アジア原産）,20〜28℃,60〜70%,5,bright_indirect,medium,生育期の春〜夏は土が乾いたらたっぷり水を与えますが冬に葉が枯れ込み休眠する場合は水やりを大幅に減らします。高い湿度を好むため乾燥した室内では葉先がパリパリに枯れ込みやすく加湿器の併用がおすすめです。直射日光は葉焼けの原因になるため明るい日陰で管理してください。アロカシア属は樹液にシュウ酸カルシウムを多く含み誤食すると口腔内に強い炎症を起こす恐れがあるためペットが絶対に触れない場所で管理してください。,新規,3,3
alocasia_black_velvet,アロカシア・ブラックベルベット,Alocasia Black Velvet,Alocasia reginula,,ボルネオ島,20〜28℃,65〜75%,5,bright_indirect,hard,小型で乾湿の変化に敏感なため土の表面が乾いたら早めに水を与えますが常に湿らせすぎないよう注意します。高い湿度を好み黒みがかったビロード葉は直射日光で簡単に葉焼けするため明るい日陰で管理してください。過湿による根腐れが最も多い失敗例で受け皿に水を溜めないようにしましょう。アロカシア属の中でも樹液の刺激が強いとされ誤食すると重い炎症を起こす恐れがあるためペットのいる家庭では特に注意が必要です。,新規,3,4
alocasia_silver_dragon,アロカシア・シルバードラゴン,Alocasia Silver Dragon,Alocasia baginda 'Silver Dragon',,ボルネオ島,20〜28℃,60〜70%,5,bright_indirect,medium,土の表面が乾いたら水を与え冬の休眠期は乾かし気味に管理します。銀灰色の葉脈模様を保つには明るい日陰と高めの湿度が必要で乾燥すると葉先が枯れ込みます。直射日光や急な環境変化で葉が黄変するのはよくあるトラブルサインです。アロカシア属はシュウ酸カルシウムを含み誤食すると口腔内が強く刺激される恐れがあるためペットが近づけない場所で管理してください。,新規,3,3
alocasia_odora,アロカシア・オドラ,Giant Upright Elephant Ear,Alocasia odora,,東アジア〜東南アジア,15〜28℃,50〜65%,6,bright_indirect,easy,他のアロカシアより丈夫で春〜秋は土が乾いたらたっぷり水を与え冬はやや控えめにします。明るい日陰から半日陰まで幅広く適応しますが直射日光は葉焼けの原因になります。過湿による根腐れが起きやすいので鉢底の水はけを確保しましょう。大きな葉と茎に樹液を多く含みシュウ酸カルシウムによる強い刺激があるため誤食するとペットや子供の口腔内が炎症を起こす恐れがあります。,新規,3,2
alocasia_dragon_scale,アロカシア・ドラゴンスケール,Alocasia Dragon Scale,Alocasia baginda 'Dragon Scale',,ボルネオ島,20〜28℃,65〜75%,5,bright_indirect,hard,土の表面が乾いたら水を与え冬の休眠期は水やりの間隔を空けます。エンボス状の葉模様を保つには高い湿度と明るい日陰が必須で乾燥すると葉先から茶色く枯れ込みます。過湿による根腐れと乾燥による葉痛みの両方が起きやすく上級者向けの種です。アロカシア属特有のシュウ酸カルシウムを含み誤食すると口腔内に強い炎症を起こす恐れがあるためペットのいる家庭では厳重な管理が必要です。,新規,3,4
alocasia_melo,アロカシア・メロ,Alocasia Melo,Alocasia melo,,ボルネオ島,20〜28℃,60〜70%,5,bright_indirect,hard,生育がゆっくりなため土の表面がしっかり乾いてから水を与え過湿を避けます。分厚くざらついた銀葉は明るい日陰を好み直射日光では色つやが悪くなります。水の与えすぎによる根腐れが最も多い失敗例のため水やり間隔を空け気味に管理しましょう。アロカシア属はシュウ酸カルシウムを含み誤食すると口腔内の炎症を招く恐れがあるためペットが触れない場所で育ててください。,新規,3,4
alocasia_cuprea,アロカシア・クプレア,Alocasia Cuprea,Alocasia cuprea,,ボルネオ島,20〜28℃,65〜75%,5,bright_indirect,hard,土の表面が乾いたら水を与え冬はやや乾かし気味に管理します。銅葉の金属光沢を保つには高い湿度と明るい日陰が必要で直射日光に当てると光沢が失われ葉焼けします。過湿による根腐れが起きやすいため受け皿の水は溜めないようにしましょう。アロカシア属はシュウ酸カルシウムを含み誤食すると口腔内が強く炎症を起こす恐れがあるためペットのいる家庭では特に注意してください。,新規,3,4
monstera_thai_constellation,モンステラ・タイコンステレーション,Monstera Thai Constellation,Monstera deliciosa 'Thai Constellation',,交配・組織培養選抜品種（原種はメキシコ〜中米）,20〜28℃,50〜60%,7,bright_indirect,medium,春〜秋は土の表面が乾いたらたっぷり水を与え冬は乾かし気味にします。斑入り部分は光合成能力が低いため通常のモンステラよりやや明るい場所で管理すると生育が安定します。直射日光はクリーム色の斑の部分から葉焼けしやすいため注意してください。サトイモ科植物のため誤食すると口腔内の炎症を招く恐れがありペットが触れない場所での管理をおすすめします。,新規,3,3
monstera_albo_variegata,モンステラ・アルボバリエガータ,Monstera Albo Variegata,Monstera deliciosa 'Albo Variegata',,突然変異選抜品種（原種はメキシコ〜中米）,20〜28℃,55〜65%,7,bright_indirect,hard,春〜秋は土の表面が乾いたら水を与え冬は控えめにします。白い斑の部分は葉緑素がなく直射日光で非常に葉焼けしやすいため明るい日陰で管理してください。剪定の仕方によっては斑が消えて緑一色に戻ることがあるためカット位置に注意が必要です。過湿による根腐れも起きやすくサトイモ科植物のため誤食による口腔内の炎症にも注意してペットから遠ざけてください。,新規,3,4
monstera_obliqua,モンステラ・オブリクア,Monstera Obliqua,Monstera obliqua,,中南米（パナマ〜ブラジル）,20〜28℃,70〜85%,5,bright_indirect,hard,非常に薄い葉で乾燥に弱いため土の表面がわずかに乾いた程度でこまめに水を与えます。極めて高い湿度を必要とし一般的な室内では管理が難しくテラリウムなどでの栽培が推奨されます。穴だらけの繊細な葉はわずかな乾燥ですぐに萎れて枯れ込むため上級者向けの種です。サトイモ科植物のため誤食すると口腔内の炎症を招く恐れがありペットが触れない環境で管理してください。,新規,3,5
monstera_borsigiana,モンステラ・デリシオサ・ボルシギアナ,Monstera Borsigiana,Monstera deliciosa var. borsigiana,Monstera borsigiana,メキシコ〜中央アメリカ,18〜28℃,50〜60%,7,bright_indirect,easy,春〜秋は土の表面が乾いたらたっぷり水を与え冬は乾かし気味にします。一般的なモンステラ・デリシオサよりやや小型で生育が早く明るい日陰でよく育ちます。光量が不足すると新しい葉に切れ込みや穴が入りにくいため置き場所を見直しましょう。サトイモ科植物のため誤食すると口腔内の炎症を招く恐れがありペットが触れない場所での管理が必要です。,新規,3,2
monstera_peru,モンステラ・ペルー,Monstera Peru,Monstera karstenianum,Monstera sp. 'Peru',中南米（ペルーなど）,20〜28℃,55〜65%,6,bright_indirect,easy,土の表面が乾いたら水を与える程度で乾燥にも比較的強く冬は水やり間隔を空けます。厚みのある凹凸した葉が特徴でつる性のため支柱に這わせると葉が大きく育ちます。光が不足するとツルばかり伸びて葉が小さくなりやすいので明るい日陰で管理しましょう。サトイモ科植物のため誤食すると口腔内が炎症を起こす恐れがありペットが触れない場所に置いてください。,新規,3,2
anthurium_clarinervium,アンスリウム・クラリネルビウム,Anthurium Clarinervium,Anthurium clarinervium,,メキシコ,20〜28℃,65〜75%,6,bright_indirect,medium,土の表面が乾いたら水を与え加湿を好むため冬でも極端に乾かしすぎないようにします。白い葉脈が浮かぶビロード状の葉は直射日光に弱く明るい日陰で管理してください。過湿による根腐れと茎腐れが最も多い失敗例のため水はけの良い用土を使いましょう。サトイモ科植物でシュウ酸カルシウムを含み誤食すると口腔内が炎症を起こす恐れがあるためペットが触れない場所で管理してください。,新規,3,3
anthurium_warocqueanum,アンスリウム・ワロクアヌム,Anthurium Warocqueanum,Anthurium warocqueanum,,コロンビア,22〜28℃,75〜85%,5,bright_indirect,hard,高い湿度を好むため土の表面が乾いたらすぐに水を与え乾燥させすぎないようにします。垂れ下がる長いビロード葉が特徴で一般家庭では湿度不足になりやすくビニール温室などでの管理が向いています。湿度不足だと葉先から茶色く枯れ込みやすく栽培難易度の高い種です。サトイモ科植物のため誤食すると口腔内の炎症を招く恐れがありペットが触れない環境で管理してください。,新規,3,5
anthurium_crystallinum,アンスリウム・クリスタリナム,Anthurium Crystallinum,Anthurium crystallinum,,コロンビア・ペルーなど中南米,20〜28℃,70〜80%,6,bright_indirect,hard,土の表面が乾いたら水を与え高い湿度と安定した気温を好みます。銀白色の葉脈が美しいビロード葉は寒さや乾燥した風に当たると葉が茶色く傷みやすいので注意してください。過湿による根腐れも起きやすく水はけの良い用土での管理が重要です。サトイモ科植物のため誤食すると口腔内の炎症を招く恐れがありペットが触れない場所で管理してください。,新規,3,4
epipremnum_enjoy,ポトス・エンジョイ,Pothos Enjoy,Epipremnum aureum 'Enjoy',,交配園芸品種（原種はソロモン諸島）,18〜28℃,45〜60%,7,low_light,easy,乾燥に強く土の表面が乾いてから数日後に水を与える程度で十分です。耐陰性が高く室内のやや暗い場所でも育ちますがピンクがかった斑を保つには明るい日陰が向いています。水の与えすぎによる根腐れが最も多い失敗例で初心者にも育てやすい品種です。サトイモ科植物のため誤食すると口腔内が荒れる恐れがありペットが齧らない場所に置いてください。,新規,2,1
epipremnum_marble_queen,ポトス・マーブルクイーン,Pothos Marble Queen,Epipremnum aureum 'Marble Queen',,交配園芸品種（原種はソロモン諸島）,18〜28℃,45〜60%,7,bright_indirect,easy,土の表面が乾いたら水を与え冬は間隔を空けます。白い斑を多く保つには一般的なポトスよりやや明るい場所で管理する必要があり光不足だと斑が消えて緑がかりやすくなります。過湿による根腐れが起きやすいため水はけの良い用土を使いましょう。サトイモ科植物のため誤食すると口腔内の炎症を招く恐れがありペットが触れない場所での管理をおすすめします。,新規,3,2
epipremnum_global_green,ポトス・グローバルグリーン,Pothos Global Green,Epipremnum aureum 'Global Green',,交配園芸品種（原種はソロモン諸島）,18〜28℃,45〜60%,7,bright_indirect,easy,乾燥に強く土の表面が乾いてから水を与える程度で育てやすい品種です。明るい日陰から半日陰まで幅広く適応し生育も旺盛です。過湿による根腐れ以外はトラブルが少なく初心者にもおすすめできます。サトイモ科植物のため誤食すると口腔内が荒れる恐れがありペットが触れない場所に置いてください。,新規,2,1
scindapsus_treubii,スキンダプサス・トレビー,Scindapsus Treubii,Scindapsus treubii,,東南アジア（フィリピン・ボルネオ島など）,20〜28℃,55〜65%,7,bright_indirect,easy,肉厚な葉に水を蓄える性質があるため土の表面がしっかり乾いてから水を与えます。明るい日陰を好み光が不足するとツルばかり伸びて葉が小さくなりやすいので注意してください。過湿による根腐れが最も多い失敗例で水やり間隔を空け気味に管理すると安定します。サトイモ科植物のため誤食すると口腔内の炎症を招く恐れがありペットが触れない場所での管理が必要です。,新規,3,2
scindapsus_pictus_silvery_ann,スキンダプサス・シルバーサティン,Satin Pothos Silvery Ann,Scindapsus pictus 'Silvery Ann',,東南アジア（フィリピン・インドネシアなど）,18〜28℃,50〜60%,7,bright_indirect,easy,土の表面が乾いたら水を与え乾燥にはある程度強い性質があります。銀色の斑模様を保つには明るい日陰が適しており光が不足すると模様が薄れやすくなります。過湿による根腐れが起きやすいため水はけの良い用土を選びましょう。サトイモ科植物のため誤食すると口腔内の炎症を招く恐れがありペットが触れない場所に置いてください。,新規,3,2
tradescantia_pallida,トラデスカンチア・紫御殿,Purple Heart,Tradescantia pallida 'Purpurea',,メキシコ,15〜28℃,40〜55%,5,bright_direct,easy,乾燥に強く土の表面がしっかり乾いてから水を与え過湿を避けます。鮮やかな紫色を保つには直射日光を含む強い光が必要で光不足だと葉色が緑がかり間延びします。過湿による根腐れや茎の腐りが起きやすいので水はけの良い用土で管理してください。強い毒性は報告されていませんが樹液が皮膚に付くとかぶれる場合があるためペットが齧らないよう注意しましょう。,新規,5,1
tradescantia_sillamontana,トラデスカンチア・シラモンタナ,White Velvet,Tradescantia sillamontana,,メキシコ,15〜28℃,40〜55%,6,bright_direct,easy,乾燥に強い多肉質の葉を持つため土の表面がしっかり乾いてから水を与えます。白い毛に覆われた葉が特徴で強い光を好み光不足だと徒長して間延びしやすくなります。葉に直接水がかかると毛の間に水が溜まり傷みやすいので株元に水を与えましょう。毒性についての明確な報告は少ないため誤食は避けペットが触れない場所で管理してください。,新規,4,1
ctenanthe_burle_marxii,クテナンテ・バーレマルクシー,Never Never Plant,Ctenanthe burle-marxii,,ブラジル,18〜27℃,55〜70%,6,bright_indirect,medium,土の表面が乾いたら水を与え乾燥させすぎないようにしますが水道水のミネラル分で葉先が茶色く傷むことがあるため汲み置き水がおすすめです。高い湿度を好み直射日光は葉の模様を色あせさせるため明るい日陰で管理してください。乾燥や急な環境変化で葉が丸まるのはよくあるトラブルサインです。マランタ科植物は一般に毒性が低いとされていますが個体差もあるため誤食は避けペットが触れない場所で育てましょう。,新規,2,3
stromanthe_sanguinea,ストロマンテ・サンギネア,Stromanthe Triostar,Stromanthe sanguinea,Stromanthe thalia 'Triostar',ブラジル,18〜27℃,60〜70%,6,bright_indirect,medium,土の表面が乾いたら水を与え乾燥に弱いため夏は水切れに注意します。ピンクと白の斑に葉裏が紫色の美しい品種で水道水のミネラル分により葉先が茶色く傷みやすいため汲み置き水や浄水がおすすめです。高い湿度を好み乾燥した室内では葉の縁がパリパリに枯れ込みやすいので加湿器の併用が効果的です。マランタ科植物は一般に毒性が低いとされていますが個体差もあるため誤食は避けペットが触れない場所で管理してください。,新規,3,3
scindapsus_pictus_exotica,スキンダプサス・エキゾチカ,Satin Pothos Exotica,Scindapsus pictus 'Exotica',,東南アジア（フィリピン・インドネシアなど）,18〜28℃,50〜60%,7,bright_indirect,easy,土の表面が乾いたら水を与え乾燥にはある程度強い性質があります。銀色の斑がシルバーサティンより大きく入るのが特徴で明るい日陰を好み光不足だと模様が薄れツルが間延びします。過湿による根腐れが起きやすいため水はけの良い用土で管理しましょう。サトイモ科植物のため誤食すると口腔内の炎症を招く恐れがありペットが触れない場所に置いてください。,新規,3,2
philodendron_squamiferum,フィロデンドロン・スクアミフェルム,Philodendron Squamiferum,Philodendron squamiferum,,ブラジル・スリナムなど中南米,20〜28℃,55〜65%,7,bright_indirect,medium,春〜秋は土の表面が乾いたらたっぷり水を与え冬は乾かし気味にします。毛が生えた赤みを帯びた葉柄が特徴のつる性種で大きく育てるには支柱への誘引が効果的です。光が不足すると切れ込みの少ない小さな葉しか出ないため明るい日陰で管理しましょう。サトイモ科植物のため誤食すると口腔内の炎症を招く恐れがありペットが触れない場所での管理をおすすめします。,新規,3,3
ficus_ginseng,ガジュマル,Ginseng Ficus,Ficus microcarpa 'Ginseng',Ficus retusa,中国南部・東南アジア,15〜28℃,40〜60%,7,bright_indirect,easy,春〜秋の生育期は土の表面が乾いたら鉢底から流れ出るまで水を与え、冬は乾燥気味にして月2〜3回程度に控える。日当たりの良いレースカーテン越しの窓辺を好み、日照不足だと葉が小さくなったり間延びしやすい。急な置き場所の変更や冷風の直撃は落葉の原因になりやすいので注意する。樹液には刺激成分（フィカイン）が含まれ、犬や猫が誤食すると口内炎や嘔吐を起こすことがあるため誤食を避ける。,新規,3,2
ficus_panda,パンダガジュマル,Panda Ficus,Ficus microcarpa 'Panda',,中国南部・東南アジア,15〜28℃,40〜60%,7,bright_indirect,easy,春〜秋は土の表面が乾いたら鉢底から流れ出るまで水を与え、冬は水やり頻度を月2回程度まで減らす。丸みのある小さな葉を密に茂らせるため、レースカーテン越しの明るい場所に置くと葉色良く育つ。日照不足や水の与えすぎは根腐れや落葉の原因になりやすいので鉢底の水はけを確認する。ガジュマル同様に樹液に刺激成分を含むため、犬や猫が葉や茎をかじると口内の炎症を起こすことがあるため注意する。,新規,3,2
ficus_tineke,フィカス・ティネケ,Ficus Tineke,Ficus elastica 'Tineke',Ficus elastica 'Variegata',インド・マレー半島,16〜28℃,50〜60%,7,bright_indirect,medium,生育期の春〜秋は土の表面が乾いたらしっかり水を与え、冬は乾き気味を意識して水やり間隔を空ける。斑入りの葉は光が不足すると緑一色に戻りやすいため、明るい半日陰〜明るい間接光の当たる場所で管理する。急激な環境変化や水の過不足で下葉から黄変・落葉しやすいので置き場所は頻繁に変えない。ゴムの木の仲間は樹液に刺激成分があり、犬や猫が誤食すると口内炎や消化器症状を起こすことがあるため注意する。,新規,4,3
ficus_audrey,フィカス・オードリー,Ficus Audrey,Ficus benghalensis 'Audrey',,インド・バングラデシュ,16〜27℃,50〜65%,6,bright_indirect,medium,生育期は土の表面が乾いたらたっぷり水を与え、冬は控えめにして根腐れを防ぐ。うぶ毛のある葉は乾燥した風に弱いため、直射日光を避けた明るい室内で管理し葉水も適宜行う。急な環境変化や水切れが続くと葉先が茶色く枯れ込みやすいので注意する。ゴムの木の仲間は樹液に刺激成分を含み、犬や猫が誤食すると口内炎や嘔吐を起こすことがあるため誤食を避ける。,新規,4,3
ficus_altissima,フィカス・アルティシマ,Lofty Fig,Ficus altissima,,インド・東南アジア,16〜28℃,50〜60%,7,bright_indirect,medium,春〜秋は土の表面が乾いたらたっぷり与え、冬は乾燥気味に管理して水やり回数を減らす。大きく育つ葉は光を好むため、レースカーテン越しの明るい窓辺に置き、定期的に鉢の向きを変えて偏った成長を防ぐ。水切れや根詰まりを起こすと葉先が枯れ込みやすいので、鉢のサイズや水やり頻度を見直す。ゴムの木の仲間は樹液に刺激成分があり、犬や猫が誤食すると口内炎などを起こすことがあるため注意する。,新規,4,3
ficus_benghalensis,ベンガレンシス,Bengal Fig,Ficus benghalensis,,インド亜大陸,16〜28℃,50〜60%,7,bright_indirect,medium,生育期の春〜秋は土の表面が乾いたら鉢底から水が流れ出るまで与え、冬は乾かし気味に管理する。丈夫な葉を茂らせるが日照不足には弱く、レースカーテン越しの明るい場所を好む。水のやりすぎによる根腐れや、逆に極端な乾燥による落葉がよくある失敗例なので土の乾き具合を確認して調整する。ゴムの木の仲間は樹液に刺激成分を含み、犬や猫が誤食すると口内炎や嘔吐を起こすことがあるため注意する。,新規,4,3
ficus_umbellata_compacta,ウンベラータ・コンパクタ,Compact Ficus Umbellata,Ficus umbellata 'Compacta',,西アフリカ,16〜28℃,50〜60%,7,bright_indirect,medium,春〜秋の生育期は土の表面が乾いたらたっぷり水を与え、冬は水やり間隔を長めにして乾燥気味に管理する。大きめの葉は光を好むため明るい窓辺に置き、直射日光は葉焼けの原因になるためレースカーテンなどで遮る。急な移動や水切れによる葉先の茶変・落葉がよくあるトラブルなので、置き場所を固定して水やりリズムを一定に保つ。ゴムの木の仲間は樹液に刺激成分があり、犬や猫が誤食すると口内炎などを起こすことがあるため誤食を避ける。,新規,4,3
ficus_benjamina_starlight,ベンジャミン・スターライト,Ficus Benjamina Starlight,Ficus benjamina 'Starlight',,インド・東南アジア,15〜27℃,45〜60%,7,bright_indirect,medium,春〜秋は土の表面が乾いたら水を与え、冬は乾燥気味に管理して回数を減らす。白い斑入りの葉は光量不足で緑化しやすいため、明るいレースカーテン越しの窓辺で管理する。環境の変化に敏感で、置き場所を頻繁に変えると葉が大量に落ちる「ベンジャミンショック」が起きやすいので注意する。ゴムの木の仲間は樹液に刺激成分を含み、犬や猫が誤食すると口内炎や嘔吐を起こすことがあるため注意する。,新規,4,3
ficus_pumila_variegata,フィカス・プミラ（斑入り）,Variegated Creeping Fig,Ficus pumila 'Variegata',,東アジア,10〜25℃,50〜60%,5,bright_indirect,easy,つる性で乾燥に弱いため、春〜秋は土の表面が乾いたらこまめに水を与え、冬もやや乾かし気味にしつつ完全に乾かさないよう管理する。斑入り葉は光量不足で緑化しやすい一方、直射日光では葉焼けしやすいのでレースカーテン越しの明るい場所が適する。水切れが続くと葉が縮れて落ちやすいので、ハンギングや壁面仕立てでは特に乾燥に注意する。ゴムの木の仲間は樹液に刺激成分を含むため、犬や猫が誤食すると口内炎などを起こすことがあるため注意する。,新規,3,2
peperomia_caperata,ペペロミア・カペラータ,Emerald Ripple Peperomia,Peperomia caperata,Peperomia 'Emerald Ripple',南米（ブラジル）,18〜28℃,50〜60%,8,bright_indirect,easy,多肉質の葉に水を蓄えるため、春〜秋は土の表面が乾いてから数日後に水を与え、冬はさらに間隔を空けて乾燥気味に管理する。直射日光は葉焼けの原因になるため、明るい日陰やレースカーテン越しの光が適する。水の与えすぎによる根腐れがもっとも多い失敗例なので、受け皿に水を溜めないようにする。Peperomia属は一般に犬猫に対する毒性は低いとされるが、誤食は避けるようにする。,新規,2,2
peperomia_angulata,ペペロミア・アングラータ,Peperomia Angulata,Peperomia angulata,,南米,18〜27℃,50〜60%,8,bright_indirect,easy,多肉質の葉茎に水分を蓄えるため、土の表面が乾いてから数日空けて水を与え、冬は月2回程度まで頻度を落とす。強い直射日光は苦手なので、明るい室内のレースカーテン越しの場所で管理する。水のやりすぎによる茎の腐敗が起きやすいので、鉢の水はけと風通しを確保する。Peperomia属は一般に犬猫への毒性は低いとされるが、誤食は避けるようにする。,新規,2,2
peperomia_hope,ペペロミア・ホープ,Peperomia Hope,Peperomia tetraphylla 'Hope',Peperomia quadrangularis 'Hope',熱帯アメリカ（交配種）,18〜28℃,50〜60%,7,bright_indirect,easy,垂れ下がる多肉質の葉に水を蓄えるため、土の表面が乾いてから数日後に水を与え、冬は乾燥気味に管理する。ハンギングで育てることが多く、明るい室内の間接光を好むが直射日光は葉焼けの原因になる。水のやりすぎによる根腐れや、逆に極端な乾燥によるしわ・落葉がよくある失敗なので土の状態をよく確認する。Peperomia属は一般に犬猫への毒性は低いとされるが、誤食は避けるようにする。,新規,2,2
peperomia_rotundifolia,ペペロミア・ロツンディフォリア,Trailing Jade Peperomia,Peperomia rotundifolia,,中南米,18〜27℃,50〜60%,8,bright_indirect,easy,丸く小さな多肉質の葉に水分を蓄えるため、土の表面が乾いてから数日空けて水を与え、冬はさらに乾燥気味にする。強い直射日光より明るい室内の間接光を好み、日照不足だと茎が間延びしやすい。水の与えすぎによる茎や根の腐敗がよくある失敗なので、風通しの良い環境で管理する。Peperomia属は一般に犬猫への毒性は低いとされるが、誤食は避けるようにする。,新規,2,2
begonia_rex,レックスベゴニア,Rex Begonia,Begonia rex,,インド北東部,18〜25℃,55〜70%,5,bright_indirect,hard,土の表面が乾いたら鉢底から流れる程度に水を与え、冬はやや乾燥気味に管理するが極端な乾燥は避ける。強い直射日光や乾燥した風を嫌うため、明るい半日陰で湿度を保った環境が適する。乾燥や急な湿度低下でカラフルな葉が縮れたり色が褪せたりしやすいので、加湿器や霧吹きで湿度管理を行う。Begonia属は誤食すると口や消化器を刺激する成分を含むとされ、犬や猫が葉や茎をかじると嘔吐や口内炎を起こすことがあるため注意する。,新規,3,4
begonia_masoniana,アイアンクロスベゴニア,Iron Cross Begonia,Begonia masoniana,,中国,18〜26℃,55〜70%,5,bright_indirect,hard,土の表面が乾いたら水を与え、冬は乾燥気味にしつつ完全に乾かしきらないよう管理する。強い直射日光を嫌い、明るい半日陰で高めの湿度を保つと葉の模様が美しく育つ。乾燥した室内では葉先が茶色く縮れやすいので、葉水や加湿器での湿度管理が効果的。Begonia属は誤食すると口や消化器を刺激する成分を含むとされ、犬や猫が誤食すると嘔吐や口内炎を起こすことがあるため注意する。,新規,3,4
platycerium_bifurcatum,ビカクシダ（コウモリラン）,Staghorn Fern,Platycerium bifurcatum,,オーストラリア・ニューギニア,15〜28℃,55〜70%,7,bright_indirect,medium,貯水葉の内側に水が溜まるよう、生育期はたっぷり水を与えるかミズゴケを湿らせ、冬はやや乾燥気味に管理する。強い直射日光を避けた明るい半日陰やレースカーテン越しの場所が適し、風通しの良い環境を好む。水の与えすぎによる貯水葉やミズゴケの蒸れ・黒ずみがよくあるトラブルなので、風通しと乾湿のメリハリを意識する。着生植物のため一般的な毒性情報は明確でなく、犬や猫の誤食は避けるようにする。,新規,3,3
pteris_cretica,プテリス,Cretan Brake Fern,Pteris cretica,,地中海沿岸〜アジア,15〜25℃,60〜70%,4,bright_indirect,medium,乾燥に弱いため、春〜秋は土の表面が乾く前にこまめに水を与え、冬もやや控えめにしつつ乾かしすぎないよう注意する。直射日光を避けた明るい日陰を好み、乾いた空気の場所では葉先が枯れ込みやすい。水切れや空気の乾燥が続くと葉が茶色くパリパリになりやすいので、葉水や加湿で湿度を保つ。シダ類は一般に犬猫への毒性は低いとされるが、誤食は避けるようにする。,新規,2,3
phlebodium_aureum,フレボディウム・オーレウム,Blue Star Fern,Phlebodium aureum,Polypodium aureum,中南米,15〜26℃,50〜65%,6,bright_indirect,easy,根茎（リゾーム）に水分を蓄える性質があるため、土の表面が乾いたら水を与え、冬はやや乾燥気味に管理する。他のシダより乾燥に強いが、直射日光は避け明るい間接光の場所で育てる。水の与えすぎによる根腐れがよくある失敗なので、鉢の水はけを確認して受け皿の水は溜めない。シダ類は一般に犬猫への毒性は低いとされるが、誤食は避けるようにする。,新規,2,2
asplenium_nidus,タニワタリ,Bird's Nest Fern,Asplenium nidus,,熱帯アジア・オーストラリア,18〜28℃,60〜70%,5,bright_indirect,medium,土の表面が乾いたらたっぷり水を与え、冬もやや乾燥気味にしつつ完全に乾かさないよう管理する。強い直射日光は葉を傷めるため、明るい半日陰やレースカーテン越しの場所が適する。乾燥した室内では葉先が茶色くなりやすいので、葉水などで湿度を保つとよい。シダ類は一般に犬猫への毒性は低いとされるが、誤食は避けるようにする。,新規,2,3
rhapis_humilis,シュロチク,Slender Lady Palm,Rhapis humilis,,中国南部,10〜28℃,40〜60%,7,bright_indirect,easy,生育期の春〜秋は土の表面が乾いたらたっぷり水を与え、冬は乾燥気味にして根腐れを防ぐ。半日陰でも育つが、明るい室内の方が葉色よく育つため直射日光を避けたレースカーテン越しの場所に置く。水のやりすぎや風通しの悪さによる根腐れ・カイガラムシの発生がよくあるトラブルなので、鉢の水はけと風通しを確保する。ヤシ科植物は一般に犬猫への毒性は低いとされるが、誤食は避けるようにする。,新規,2,2
rhapis_excelsa,カンノンチク,Broadleaf Lady Palm,Rhapis excelsa,,中国南部,10〜28℃,40〜60%,7,bright_indirect,easy,春〜秋は土の表面が乾いたらたっぷり水を与え、冬は水やり回数を減らして乾燥気味に管理する。耐陰性があり室内の明るい日陰でも育つが、極端に暗い場所では葉のツヤが失われやすい。水の与えすぎによる根腐れや、乾燥した環境でのハダニ発生がよくある失敗例なので注意する。ヤシ科植物は一般に犬猫への毒性は低いとされるが、誤食は避けるようにする。,新規,2,2
dypsis_decaryi,パラソルパーム,Triangle Palm,Dypsis decaryi,Neodypsis decaryi,マダガスカル,15〜28℃,40〜55%,7,bright_direct,medium,生育期は土の表面が乾いたらたっぷり水を与え、冬は乾燥気味に管理して根腐れを防ぐ。日光を好む種類なので、できるだけ日当たりの良い窓辺や屋外の明るい場所で管理する。日照不足だと葉が間延びして三角形の樹形が乱れやすいので、光量を十分に確保する。ヤシ科植物は一般に犬猫への毒性は低いとされるが、誤食は避けるようにする。,新規,4,3
cordyline_fruticosa,コルディリネ,Ti Plant,Cordyline fruticosa,Cordyline terminalis,東南アジア・太平洋諸島,16〜28℃,50〜60%,6,bright_indirect,medium,生育期は土の表面が乾いたらたっぷり水を与え、冬はやや乾燥気味に管理して水やり頻度を落とす。カラフルな葉色を保つには明るい光が必要で、日照不足だと発色が悪くなりやすい。乾燥やチッ素過多による葉先の枯れ込みがよくある失敗例なので、肥料の与えすぎに注意する。Cordyline属は犬や猫が誤食すると嘔吐や食欲不振などを起こすことが知られているため、ペットのいる家庭では置き場所に注意する。,新規,3,3
pellionia_repens,ペリオニア,Trailing Watermelon Begonia,Pellionia repens,,東南アジア,18〜27℃,55〜65%,5,bright_indirect,medium,乾燥に弱いつる性植物のため、土の表面が乾いたらこまめに水を与え、冬もやや控えめにしつつ完全に乾かさないよう管理する。強い直射日光は避け、明るい室内の間接光の当たる場所やハンギングで育てるとよい。乾燥や水切れで葉がしおれたり茶色く縮れたりしやすいので、葉水で湿度を補うとよい。一般的な毒性情報は明確でないため、犬や猫の誤食は避けるようにする。,新規,2,3
soleirolia_soleirolii,ソレイロリア（ミニミニ）,Baby's Tears,Soleirolia soleirolii,Helxine soleirolii,地中海沿岸の島嶼部,15〜25℃,55〜70%,3,bright_indirect,medium,非常に乾燥に弱いため、春〜秋は土が乾く前にこまめに水を与え、冬もやや控えめにしつつ乾燥させすぎないよう管理する。強い直射日光を避け、明るい室内の間接光の当たる場所で育てるとよい。水切れが続くと細かい葉が一気に萎れて枯れ込みやすいので、乾燥に気づいたらすぐに水を与える。Soleirolia属は一般に犬猫への毒性は低いとされるが、誤食は避けるようにする。,新規,2,3
calathea_white_fusion,カラテア・ホワイトフュージョン,Calathea White Fusion,Calathea 'White Fusion',Goeppertia 'White Fusion',南米（交配種）,18〜26℃,60〜70%,5,bright_indirect,hard,土の表面が乾いたら水を与え、冬はやや控えめにしつつ完全に乾かさないよう管理する。強い直射日光や乾燥した空気を嫌うため、明るい半日陰で高めの湿度を保った環境が適する。水道水中のミネラルや乾燥に敏感で、葉先が茶色く枯れ込みやすいので、できれば浄水やくみ置き水を使い加湿を心がける。Calathea属は一般に犬猫への毒性は低いとされるが、誤食は避けるようにする。,新規,3,4
calathea_roseopicta,カラテア・ロゼオピクタ,Rose-painted Calathea,Calathea roseopicta,Goeppertia roseopicta,ブラジル,18〜26℃,60〜70%,5,bright_indirect,hard,土の表面が乾いたら水を与え、冬はやや控えめにしつつ極端に乾燥させないよう管理する。強い直射日光を避けた明るい半日陰で、高めの湿度を保つと美しい葉模様が保たれる。乾燥した室内では葉先が枯れ込んだり葉が丸まったりしやすいので、加湿器や葉水で湿度管理を行う。Calathea属は一般に犬猫への毒性は低いとされるが、誤食は避けるようにする。,新規,3,4
dracaena_rainbow,ドラセナ・レインボー,Dracaena Rainbow,Dracaena marginata 'Rainbow',,マダガスカル（Dracaena marginataの園芸品種）,15〜28℃,40〜60%,8,bright_indirect,easy,乾燥に強いため、土の表面がしっかり乾いてから水を与え、冬はさらに間隔を空けて乾燥気味に管理する。ピンクがかった葉色を保つには明るい光が必要で、日照不足だと色が薄くなりやすい。水の与えすぎによる根腐れがよくある失敗例なので、鉢の水はけを確認する。Dracaena属は犬や猫が誤食すると嘔吐や食欲不振、猫では瞳孔散大などを起こすことが知られているため、ペットのいる家庭では置き場所に注意する。,新規,3,2
dracaena_compacta,ドラセナ・コンパクタ,Dracaena Compacta,Dracaena fragrans 'Compacta',,熱帯アフリカ（Dracaena fragransの園芸品種）,15〜28℃,40〜60%,8,bright_indirect,easy,乾燥に強いため、土の表面がしっかり乾いてから水を与え、冬はさらに乾燥気味に管理する。耐陰性があるが、明るい室内に置くとコンパクトな葉のロゼットが美しく保たれる。水のやりすぎや低温による根腐れがよくある失敗例なので、冬場は水やり頻度を控える。Dracaena属は犬や猫が誤食すると嘔吐や食欲不振などを起こすことが知られているため、ペットのいる家庭では置き場所に注意する。,新規,2,2
dracaena_warneckii,ドラセナ・ワーネッキー,Dracaena Warneckii,Dracaena fragrans 'Warneckii',Dracaena deremensis 'Warneckii',熱帯アフリカ,15〜28℃,40〜60%,8,bright_indirect,easy,乾燥に強いため、土の表面がしっかり乾いてから水を与え、冬はさらに間隔を空けて管理する。白い縞模様の葉は明るい場所ほどはっきり出るため、レースカーテン越しの明るい場所に置くとよい。水の与えすぎによる根腐れや、低温による葉先の傷みがよくある失敗例なので冬場の水やりは控えめにする。Dracaena属は犬や猫が誤食すると嘔吐や食欲不振などを起こすことが知られているため、ペットのいる家庭では置き場所に注意する。,新規,3,2
hoya_kerrii,ホヤ・ケリー,Sweetheart Hoya,Hoya kerrii,,タイ・東南アジア,18〜28℃,40〜60%,10,bright_indirect,easy,多肉質の葉に水分を蓄えるため、土がしっかり乾いてから水を与え、冬はさらに乾燥気味に管理する。ハート形の葉を美しく保つには明るい光が必要だが、強い直射日光は葉焼けの原因になるためレースカーテン越しの場所が適する。水の与えすぎによる根腐れが最も多い失敗例なので、水やりの間隔を空けすぎるくらいがちょうどよい。Hoya属は一般に犬猫への毒性は低いとされるが、誤食は避けるようにする。,新規,3,2
hoya_pubicalyx,ホヤ・プビカリクス,Hoya Pubicalyx,Hoya pubicalyx,,フィリピン,18〜28℃,45〜60%,9,bright_indirect,medium,多肉質の葉とつるに水分を蓄えるため、土がしっかり乾いてから水を与え、冬はさらに間隔を空けて乾燥気味にする。よく開花させるには明るい光が必要で、レースカーテン越しの明るい窓辺が適するが強い直射日光は葉焼けの原因になる。水の与えすぎによる根腐れや、日照不足によるつるの間延びがよくある失敗例なので注意する。Hoya属は一般に犬猫への毒性は低いとされるが、誤食は避けるようにする。,新規,3,3
begonia_angel_wing,エンゼルウィングベゴニア,Angel Wing Begonia,Begonia × corallina,,ブラジル（交配種）,16〜26℃,50〜60%,6,bright_indirect,medium,土の表面が乾いたら水を与え、冬はやや控えめにしつつ完全に乾かさないよう管理する。翼のような葉と花を楽しむには明るい光が必要だが、強い直射日光は葉焼けの原因になるためレースカーテン越しの場所が適する。過湿による茎の腐敗や、乾燥による落葉がよくある失敗例なので水やりのリズムを一定に保つ。Begonia属は誤食すると口や消化器を刺激する成分を含むとされ、犬や猫が誤食すると嘔吐や口内炎を起こすことがあるため注意する。,新規,3,3
nephrolepis_obliterata,キンバリークイーンファーン,Kimberly Queen Fern,Nephrolepis obliterata 'Kimberly Queen',,オーストラリア,15〜27℃,55〜65%,5,bright_indirect,easy,乾燥に弱いため、春〜秋は土の表面が乾く前にこまめに水を与え、冬もやや控えめにしつつ乾かしすぎないよう管理する。直射日光を避けた明るい半日陰を好み、屋外の明るい日陰でも育てやすい。空気が乾燥すると葉先が茶色くパリパリになりやすいので、葉水や加湿で対応する。シダ類は一般に犬猫への毒性は低いとされるが、誤食は避けるようにする。,新規,2,2
dracaena_sanderiana,ドラセナ・サンデリアーナ（幸運竹）,Lucky Bamboo,Dracaena braunii,Dracaena sanderiana,西アフリカ（カメルーンなど）,18〜28℃,45〜60%,7,bright_indirect,easy,水栽培の場合は水を1週間に1回程度交換し、土植えの場合は土の表面が乾いたら水を与え冬はやや控えめにする。直射日光は葉焼けの原因になるため、明るい室内の間接光の当たる場所で管理する。水栽培では水の汚れや根腐れによる茎の黒ずみがよくある失敗例なので、こまめな水替えを心がける。Dracaena属は犬や猫が誤食すると嘔吐や食欲不振などを起こすことが知られているため、ペットのいる家庭では置き場所に注意する。,新規,2,1
pachypodium_lamerei,パキポディウム・ラメリー,Madagascar Palm,Pachypodium lamerei,,マダガスカル,15〜32℃,30〜50%,10,bright_direct,medium,生育期の春〜秋は土の表面が完全に乾いてから数日置いてたっぷり水を与え、11月頃から徒長を防ぐため徐々に断水し冬は月1回程度かごく控えめにする。年間を通して屋外の直射日光が当たる場所や日当たりの良い窓辺で管理し、日照不足になると茎が間延びしてひょろひょろになるので注意する。過湿による株元の腐敗や、急な環境変化での落葉がよくあるトラブルで、腐敗を見つけたら患部を切除して乾燥させる。ASPCA（米国動物愛護協会）はマダガスカルパルムを犬猫に有毒な植物として挙げているため、ペットが届かない場所に置くこと。,新規,5,3
pachypodium_rosulatum,恵比寿笑い,Elephant's Foot,Pachypodium rosulatum,,マダガスカル,15〜30℃,30〜50%,10,bright_direct,medium,生育期は土がしっかり乾いてから水を与え、休眠期の冬は落葉して休眠するため断水気味に管理する。丸く膨らんだ塊根を日光によく当てることで締まった株姿になるため、屋外や日当たりの良い窓辺で管理する。水の与えすぎによる塊根の腐敗や、日照不足での間延びが代表的な失敗例なので風通しも確保する。近縁のパキポディウム属は誤食に注意が必要とされる植物として知られるため、ペットのいる家庭では手の届かない場所で管理する。,新規,5,3
pachypodium_gracilius,パキポディウム・グラキリス,Pachypodium gracilius,Pachypodium rosulatum var. gracilius,Pachypodium gracilius,マダガスカル,15〜30℃,30〜45%,10,bright_direct,hard,生育期の水やりは土が完全に乾いてから数日後にたっぷり与え、成長が止まる冬は葉が落ちたら断水して休眠させる。強い直射日光を好むため屋外や温室で管理し、日照不足だと徒長して塊根の形が崩れやすい。輸入株は根が弱っていることが多く、過湿による腐敗や急な発根不良が起きやすいので水はけの良い用土を使う。パキポディウム属は誤食に注意が必要とされる植物として扱われるため、ペットが触れない場所に置くこと。,新規,5,4
pachypodium_geayi,パキポディウム・ゲアイー,Pachypodium geayi,Pachypodium geayi,,マダガスカル,15〜32℃,30〜50%,10,bright_direct,medium,ラメリーによく似た姿を持ち、生育期は土が乾いたらたっぷり水を与え、冬の休眠期は落葉に合わせて断水する。強い日差しを好むため屋外や日当たりの良い場所で管理し、室内の窓際だけでは徒長しやすい。過湿による株元の腐敗や、寒さに当てた際の落葉トラブルが多いので冬は室内の暖かい場所に移動させる。パキポディウム属は誤食に注意が必要とされる植物のため、ペットが近づけない場所で育てること。,新規,5,3
pachypodium_saundersii,パキポディウム・サンデルシー,Pachypodium saundersii,Pachypodium saundersii,,南アフリカ・モザンビーク,15〜30℃,30〜50%,10,bright_direct,hard,生育期は土がしっかり乾いてから水を与え、秋以降葉が黄ばみ始めたら徐々に水を減らして冬は断水して休眠させる。屋外の直射日光下でよく締まった塊根に育つが、真夏の西日が強すぎる環境では葉焼けを起こすことがあるため半日陰に移すとよい。加湿状態が続くと株元から腐りやすく、逆に冬に水を与えすぎると休眠が乱れて枯れることがある。パキポディウム属は誤食に注意が必要とされる植物として扱われるため、ペットのいる家庭では設置場所に配慮する。,新規,4,4
pachypodium_densiflorum,パキポディウム・デンシフローラム,Pachypodium densiflorum,Pachypodium densiflorum,,マダガスカル,15〜30℃,30〜45%,10,bright_direct,hard,生育期の水やりは土が乾いてからたっぷりと与え、冬に落葉したら休眠に入るためほぼ断水して管理する。日照不足になると徒長しやすく、塊根が締まらずひょろっとした姿になるので屋外や温室でしっかり日に当てる。過湿による根腐れが最大のトラブルで、特に気温が下がる時期の水やりは根腐れの原因になりやすい。パキポディウム属は誤食に注意が必要とされる植物として扱われるため、ペットの誤食を防げる場所に置く。,新規,5,4
pachypodium_brevicaule,パキポディウム・ブレビカウレ,Pachypodium brevicaule,Pachypodium brevicaule,,マダガスカル,15〜28℃,25〜40%,12,bright_direct,hard,扁平に育つ塊根植物で、生育期でも水の与えすぎは厳禁のため土が完全に乾いてから数日後に少量与える程度にとどめ、冬は完全断水で休眠させる。強い日差しと風通しを好むため屋外の棚など蒸れない環境で管理し、室内の多湿な環境では根腐れしやすい。塊根植物の中でも特に腐敗しやすい品種で、株元が黒ずんできたら根腐れのサインなので早めに対処する。パキポディウム属は誤食に注意が必要とされる植物のため、ペットが触れられない場所での管理を徹底する。,新規,5,5
pachypodium_baronii,パキポディウム・バロニー,Pachypodium baronii,Pachypodium baronii,,マダガスカル,18〜30℃,30〜50%,10,bright_direct,hard,赤い花を咲かせる人気種で、生育期は土が乾いたらたっぷり水を与え、冬の休眠期は落葉に合わせて断水気味にする。寒さにやや弱いため冬は室内の暖かい場所に移動し、最低でも15℃程度は保つようにする。低温や過湿による根腐れ、日照不足による花付きの悪さが代表的なトラブルなので、屋外の日当たりの良い場所での管理が望ましい。パキポディウム属は誤食に注意が必要とされる植物のため、ペットが近づけない場所に置くこと。,新規,5,4
pachypodium_succulentum,パキポディウム・スクレンツム,Pachypodium succulentum,Pachypodium succulentum,,南アフリカ,12〜28℃,30〜45%,12,bright_direct,medium,他のパキポディウムよりやや寒さに強く、生育期は土が乾いてから水を与え、休眠期の冬は断水気味に管理する。屋外の日当たりの良い場所を好み、日照不足だと徒長してとげのある枝が間延びする。過湿による塊根の腐敗が主なトラブルで、水はけの良い用土と鉢を使うことが重要になる。パキポディウム属は誤食に注意が必要とされる植物のため、ペットの誤食を防げる場所で育てる。,新規,4,3
adenium_obesum,アデニウム・オベスム（デザートローズ）,Desert Rose,Adenium obesum,,東アフリカ・アラビア半島,15〜32℃,30〜50%,7,bright_direct,medium,生育期の春〜秋は土が乾いたらたっぷり水を与えて開花を促し、気温が下がる晩秋以降は落葉に合わせて徐々に水を減らし冬はほぼ断水する。花付きを良くするには屋外や温室でしっかり直射日光に当てることが重要で、日照不足だと花数が減り徒長しやすい。低温での水の与えすぎによる根腐れがよくある失敗で、最低気温が10℃を下回る前に室内へ取り込む。全草に強心配糖体を含み矢毒として使われてきた歴史があるほど毒性が強いため、ペットや子どもが誤食しないよう管理場所に十分注意する。,新規,5,3
euphorbia_obesa,ユーフォルビア・オベサ,Baseball Plant,Euphorbia obesa,,南アフリカ,15〜30℃,30〜45%,10,bright_direct,medium,生育期は土が完全に乾いてから水を与え、休眠期にあたる真冬は月1〜2回程度に控えて過湿を避ける。日当たりの良い場所を好むが、真夏の強い直射日光に急に当てると玉肌が焼けることがあるため、少しずつ慣らして日光浴させる。過湿による球体の腐敗や、日照不足による縦への間延びがよくある失敗で、風通しの良い置き場所を選ぶとよい。ユーフォルビア属の植物は白い樹液に触れると皮膚炎を起こすことがあり、ペットが誤食すると口腔内や消化器に炎症を起こす恐れがあるため注意する。,新規,5,3
euphorbia_lactea,白角キリン（ユーフォルビア・ラクテア）,White Ghost,Euphorbia lactea,,インド・スリランカ,15〜30℃,30〜50%,7,bright_indirect,medium,生育期は土の表面が乾いたら水を与え、冬は気温が下がるため水やりの間隔を大きく空けて乾燥気味に管理する。白い斑が入り葉緑素が少ない品種のため、強すぎる直射日光では白い部分が焼けやすく、レースカーテン越しなどの明るい半日陰が適している。接ぎ木株として流通することが多く、台木との接合部が蒸れると腐敗しやすいのでこの部分を濡らさないよう注意する。ユーフォルビア属の白い樹液は皮膚刺激性があり、ペットが誤食すると口腔内や消化器に炎症を起こす恐れがあるため触れさせないようにする。,新規,3,3
euphorbia_anoplia,金輪際,Euphorbia anoplia,Euphorbia anoplia,,マダガスカル,15〜30℃,30〜45%,10,bright_direct,medium,生育期は土がしっかり乾いてからたっぷり水を与え、冬の低温期は生育が緩慢になるため水やりの回数を減らす。棘のある茎を締まった姿に育てるには屋外や日当たりの良い窓辺でしっかり日光に当てることが大切で、日照不足だと茎が間延びしやすい。過湿による茎の腐敗や、寒さで傷んだ茎から腐敗が広がるトラブルが多いので、冬は室内の暖かい場所で管理する。ユーフォルビア属の白い樹液には皮膚刺激性があり、ペットが誤食すると口腔内や消化器に炎症を起こす恐れがあるため注意する。,新規,5,3
euphorbia_horrida,ホリダ,African Milk Barrel,Euphorbia horrida,,南アフリカ,15〜30℃,25〜45%,10,bright_direct,medium,生育期は土が完全に乾いてからたっぷり水を与え、休眠期の冬は月1回程度かごく控えめに管理する。サボテンに似た柱状の姿を保つには屋外や温室でしっかり日光に当てることが重要で、日照不足だと色が悪くなり間延びしやすい。過湿による根腐れや、風通しの悪い環境でのカイガラムシの発生がよくあるトラブルなので、用土の水はけと通気性を確保する。ユーフォルビア属の白い樹液には皮膚刺激性があり、ペットが誤食すると口腔内や消化器に炎症を起こす恐れがあるため注意する。,新規,5,3
euphorbia_bupleurifolia,竜角（ブケリフォリア）,Euphorbia bupleurifolia,Euphorbia bupleurifolia,,南アフリカ,15〜28℃,30〜45%,12,bright_direct,hard,パイナップルのような鱗状の塊茎が特徴で、生育期は土が乾いてから水を与え、落葉して休眠する冬はほぼ断水して管理する。屋外の日当たりの良い場所を好むが、急な強光には弱いため夏の直射日光は徐々に慣らす必要がある。過湿による塊茎の腐敗が最大のリスクで、水はけの良い用土と風通しの確保が欠かせない。ユーフォルビア属の白い樹液には皮膚刺激性があり、ペットが誤食すると口腔内や消化器に炎症を起こす恐れがあるため注意する。,新規,4,4
euphorbia_meloformis,瑠璃晃,Euphorbia meloformis,Euphorbia meloformis,,南アフリカ,15〜30℃,30〜45%,10,bright_direct,medium,メロンのような丸い姿が特徴で、生育期は土が乾いたらたっぷり水を与え、冬は生育が緩やかになるため水やりを控えめにする。しっかりした日当たりを好み、日照不足になると縦に間延びして丸みが失われるため屋外や明るい窓辺で管理する。過湿による腐敗や、群生する仔株の詰まりによる蒸れがよくあるトラブルなので、定期的に仔株を整理するとよい。ユーフォルビア属の白い樹液には皮膚刺激性があり、ペットが誤食すると口腔内や消化器に炎症を起こす恐れがあるため注意する。,新規,4,3
dioscorea_elephantipes,亀甲竜,Elephant's Foot Yam,Dioscorea elephantipes,Testudinaria elephantipes,南アフリカ,10〜25℃,30〜50%,10,bright_indirect,hard,冬型の塊根植物で、秋に発芽してつるが伸びる生育期は土が乾いたらしっかり水を与え、初夏に葉が黄変して落葉したら夏の休眠期は完全に断水する。生育期は明るい半日陰から日向で管理し、つるを支柱やフックに絡ませると姿が乱れにくい。生育期と休眠期の切り替えを見誤って夏に水を与えると塊根が腐敗しやすいので、葉の状態をよく観察して水やりを止めるタイミングを見極める。誤食による安全性は確認されていないため、ペットや子どもが塊根に触れられない場所で管理する。,新規,3,4
fockea_edulis,フォッケア・エデュリス,Fockea edulis,Fockea edulis,,南アフリカ,12〜28℃,30〜50%,12,bright_indirect,medium,つる性の塊根植物で、生育期は土が乾いたら水を与え、成長が緩やかになる冬は水やりの間隔を大きく空けて乾燥気味に管理する。強い直射日光よりも明るい半日陰を好み、つるを伸ばしたい場合は支柱を立てて誘引するとよい。過湿による塊根の腐敗や、日照不足によるつるの徒長がよくある失敗例なので、風通しの良い場所で管理する。現地では塊根が食用にされた記録もあるが、家庭で栽培する株を誤食させるのは避けるべきである。,新規,3,3
dorstenia_foetida,ドルステニア・フォエティダ,Dorstenia foetida,Dorstenia foetida,,東アフリカ・アラビア半島,15〜30℃,35〜55%,7,bright_indirect,easy,比較的丈夫で生育も早く、生育期は土の表面が乾いたら水を与え、冬に成長が緩慢になったら間隔を空けて乾燥気味に管理する。明るい半日陰から日向まで幅広く適応するが、真夏の強い直射日光では葉が焼けることがあるため注意する。実が弾けて種を飛ばす性質があり、周囲に散らばった種から思わぬ場所で発芽することがあるのもこの植物ならではの特徴である。イチジク科の植物で樹液に軽い刺激性があるとされるため、ペットが誤食しないよう注意する。,新規,3,2
adenia_glauca,アデニア・グラウカ,Adenia glauca,Adenia glauca,,マダガスカル,15〜30℃,30〜50%,10,bright_indirect,hard,生育期はつるを伸ばしながら成長するため土が乾いたらたっぷり水を与え、落葉して休眠する冬は完全に断水して管理する。強すぎる直射日光では塊根が焼けることがあるため、明るい半日陰から柔らかい日差しの当たる場所で管理するのが望ましい。低温期の水の与えすぎによる根腐れが最大のトラブルで、休眠のサインである落葉を見極めてから断水する。アデニア属の植物は毒性のある成分を含むことが知られているため、ペットや子どもが誤食しないよう管理場所に十分注意する。,新規,3,4
adenia_spinosa,アデニア・スピノサ,Adenia spinosa,Adenia spinosa,,南アフリカ,15〜30℃,30〜45%,10,bright_indirect,hard,とげのある枝を伸ばす生育期は土が乾いたら水を与え、落葉して休眠する冬は断水気味に管理する。強い直射日光よりも明るい場所を好み、屋外で管理する場合は真夏の西日を避けるとよい。寒さや過湿に弱く、休眠期に水を与えすぎると塊根が腐敗しやすいので注意する。アデニア属の植物は毒性のある成分を含むことが知られているため、ペットや子どもが誤食しないよう管理場所に十分注意する。,新規,3,4
adenia_fruticosa,アデニア・フルチコサ,Adenia fruticosa,Adenia fruticosa,,南アフリカ・ナミビア,15〜30℃,30〜45%,10,bright_indirect,hard,つる状に枝を伸ばす生育期は土が乾いたら水を与え、落葉して休眠する冬は断水して管理する。明るい半日陰から柔らかい日向を好み、強すぎる直射日光は塊根の表面を傷めることがある。過湿による根腐れや、休眠期の水の与えすぎによる塊根の軟化がよくあるトラブルなので、水はけの良い用土を使う。アデニア属の植物は毒性のある成分を含むことが知られているため、ペットや子どもが誤食しないよう管理場所に十分注意する。,新規,3,4
operculicarya_pachypus,オペルクリカリア・パキプス,Operculicarya pachypus,Operculicarya pachypus,,マダガスカル,15〜30℃,35〜55%,12,bright_direct,hard,成長がきわめて遅い塊根植物で、生育期は土が乾いてから数日後にたっぷり水を与え、落葉する冬は断水気味に管理する。屋外の日当たりの良い場所を好み、日照不足だと枝が間延びして樹形が乱れやすい。成長が遅いため過湿による根腐れの影響が大きく、一度傷めると回復に時間がかかるので水の与えすぎに特に注意する。ウルシ科に近縁で樹液に刺激性がある可能性があるため、ペットが誤食しないよう注意する。,新規,5,5
operculicarya_decaryi,オペルクリカリア・デカリー,Operculicarya decaryi,Operculicarya decaryi,,マダガスカル,15〜30℃,35〜55%,10,bright_direct,medium,パキプスに比べて成長が早く育てやすい塊根植物で、生育期は土が乾いたらたっぷり水を与え、落葉する冬は水やりを控えて休眠させる。屋外の日当たりの良い場所で管理すると枝が締まった良い樹形になり、日照不足だと徒長しやすい。過湿による根腐れが主なトラブルで、水はけの良い用土と風通しの良い置き場所を心がける。ウルシ科に近縁で樹液に刺激性がある可能性があるため、ペットが誤食しないよう注意する。,新規,4,3
cyphostemma_juttae,キフォステンマ・ジュッタエ,Cyphostemma juttae,Cyphostemma juttae,,ナミビア,15〜30℃,25〜45%,10,bright_direct,hard,生育期は土が乾いたらたっぷり水を与えて大きな葉を育て、落葉する冬は完全に断水して休眠させる。屋外の日当たりの良い場所を好み、日照不足だと葉が薄く弱々しくなる。休眠期に水を与えると根腐れしやすく、また急激な温度変化でも葉を落としやすいので、季節の変わり目は特に管理に注意する。ブドウ科の植物で樹液や果実に毒性が指摘されることがあるため、ペットや子どもが誤食しないよう注意する。,新規,5,4
cyphostemma_currorii,キフォステンマ・クラロリー,Cyphostemma currorii,Cyphostemma currorii,,ナミビア・アンゴラ,15〜28℃,25〜45%,12,bright_direct,hard,非常にゆっくり成長する塊根植物で、生育期でも水の与えすぎは禁物のため土が完全に乾いてから控えめに水を与え、落葉する冬は断水して休眠させる。屋外の強い日差しを好むが、輸入直後の株は根が弱っていることが多いため、最初は明るい日陰で養生してから徐々に日光に慣らすとよい。過湿による根腐れが最大のリスクで、一度傷むと回復が難しいため水はけの良い用土を使う。ブドウ科の植物で樹液や果実に毒性が指摘されることがあるため、ペットや子どもが誤食しないよう注意する。,新規,5,5
jatropha_podagrica,ヤトロファ・ポダグリカ（南洋桜）,Buddha Belly Plant,Jatropha podagrica,,中央アメリカ,15〜32℃,35〜55%,7,bright_direct,easy,比較的丈夫で育てやすい塊根植物で、生育期は土の表面が乾いたらたっぷり水を与え、冬は成長が緩やかになるため間隔を空けて乾燥気味に管理する。日当たりの良い場所を好み、赤い花を咲かせるには十分な日照が必要だが、真夏の強すぎる直射日光では葉焼けすることもある。低温に弱く冬に寒さに当てると落葉しやすいので、最低でも10℃以上を保てる室内に取り込む。種子や樹液に毒性があることが知られているため、ペットや子どもが誤食しないよう特に注意する。,新規,4,2
bombax_ellipticum,ボンバックス・エリプティクム,Shaving Brush Tree,Bombax ellipticum,Pseudobombax ellipticum,メキシコ・中央アメリカ,15〜30℃,35〜55%,7,bright_indirect,medium,生育期は大きな葉から多くの水分を蒸散するため土が乾いたらたっぷり水を与え、落葉する冬は水やりの間隔を大きく空けて乾燥気味に管理する。明るい半日陰から柔らかい日向を好み、強い直射日光に急に当てると葉焼けを起こしやすい。落葉のタイミングが不揃いになりやすく、季節外れに葉が落ちても慌てず水やりを調整すれば回復することが多い。毒性に関する明確な情報は少ないため、ペットや子どもが誤食しないよう注意する。,新規,3,3
stephania_erecta,ステファニア・エレクタ（亀甲鉾）,Stephania erecta,Stephania erecta,,タイ,15〜30℃,40〜60%,7,bright_indirect,easy,つるを勢いよく伸ばす生育期は土が乾いたら水を与え、秋につるが枯れて休眠に入ったら完全に断水して春の発芽を待つ。明るい半日陰を好み、強すぎる直射日光ではつるや葉が傷むことがある。休眠期は地上部がすべて枯れて何もない状態になるが、これは正常な生態なので慌てて水を与えないことが大切である。ツヅラフジ科の植物はアルカロイドを含むことが知られているため、ペットや子どもが誤食しないよう注意する。,新規,3,2
nolina_longifolia,ノリナ・ロンギフォリア,Nolina longifolia,Nolina longifolia,Beaucarnea longifolia,メキシコ,10〜30℃,25〜45%,14,bright_direct,easy,非常に乾燥に強い塊根植物で、生育期でも土が完全に乾いてから水を与え、冬はさらに間隔を空けて乾燥気味に管理する。屋外の日当たりの良い場所でよく育ち、耐寒性も比較的あるが霜には当てないよう注意する。過湿による根腐れがほぼ唯一と言える失敗要因で、水はけの良い用土を使えばトラブルは少ない。同属のポニーテールは毒性の報告が少ない植物とされるが、誤食は念のため避けるようにする。,新規,4,2
xerosicyos_danguyi,ゼロシキオス・ダングイ（銀月）,Silver Dollar Vine,Xerosicyos danguyi,,マダガスカル,15〜30℃,30〜50%,10,bright_direct,easy,つる性で丸い多肉質の葉を茂らせる生育期は土が乾いたら水を与え、冬は成長が緩やかになるため間隔を空けて乾燥気味に管理する。日当たりの良い場所を好み、支柱やフックに絡ませて仕立てると見栄えよく育つ。過湿による葉の落下や根腐れが主なトラブルで、比較的丈夫なため初めての塊根植物としても扱いやすい。ウリ科の植物で毒性に関する明確な情報は少ないため、ペットや子どもが誤食しないよう注意する。,新規,4,2
ficus_palmeri,フィカス・パルメリー,Rock Fig,Ficus palmeri,,メキシコ（バハカリフォルニア）,15〜32℃,30〜50%,10,bright_direct,medium,岩場に自生する塊根性のイチジクで、生育期は土が乾いたらたっぷり水を与え、落葉する冬は水やりを控えて休眠させる。屋外の強い日差しを好み、日照不足だと葉が小さく間延びしやすい。乾燥には強いが極端な過湿には弱く、根腐れを起こすと回復が難しいため水はけの良い用土を使う。イチジク属の樹液には刺激性があるとされるため、ペットが誤食したり樹液に触れたりしないよう注意する。,新規,5,3
uncarina_grandidieri,ウンカリナ・グランディディエリ,Uncarina grandidieri,Uncarina grandidieri,,マダガスカル,15〜32℃,35〜55%,7,bright_direct,medium,黄色い花を咲かせる生育期は土が乾いたらたっぷり水を与えて開花を促し、落葉する冬は断水気味に管理して休眠させる。日当たりの良い場所を好み、日照不足だと花付きが悪くなるため屋外や明るい窓辺で管理する。低温や過湿による根腐れがよくある失敗なので、気温が下がる前に室内へ取り込む。毒性に関する明確な情報は少ないため、ペットや子どもが誤食しないよう注意する。,新規,5,3
moringa_drouhardii,モリンガ・ドルアルディー,Moringa drouhardii,Moringa drouhardii,,マダガスカル,15〜32℃,30〜50%,7,bright_direct,medium,生育が早い塊根植物で、生育期は土が乾いたらたっぷり水を与え、落葉する冬は水やりの間隔を大きく空けて乾燥気味に管理する。屋外の強い日差しを好み、日照不足だと枝が細く間延びしやすい。成長が早いため根詰まりを起こしやすく、数年ごとの植え替えが必要になる点に注意する。モリンガ属は食用に利用されることでも知られるが、鉢植えでの誤食は念のため避けるべきである。,新規,5,3
adansonia_digitata,アダンソニア・ディギタータ（バオバブ）,African Baobab,Adansonia digitata,,アフリカ大陸,15〜32℃,30〜50%,10,bright_direct,medium,生育期は土が乾いたらたっぷり水を与え、落葉する冬は水やりの間隔を大きく空けて断水気味に管理する。屋外の強い日差しを好み、日照不足だと幹が細くひょろひょろに育ってしまう。比較的丈夫だが過湿には弱く、特に冬場の水の与えすぎによる根腐れに注意する。果実は現地で食用にされることで知られるが、鉢植えでの誤食は念のため避けるべきである。,新規,5,3
adansonia_za,アダンソニア・ザ,Za Baobab,Adansonia za,,マダガスカル,15〜32℃,30〜50%,12,bright_direct,hard,成長が遅く流通量も少ない塊根植物で、生育期は土が乾いてからたっぷり水を与え、落葉する冬は断水して休眠させる。屋外の強い日差しを好み、日照不足だと徒長して幹が締まりにくい。過湿による根腐れのほか、寒さに弱く低温にさらすと落葉や生育不良を起こしやすいので冬は室内の暖かい場所で管理する。果実は現地で食用にされることで知られるが、鉢植えでの誤食は念のため避けるべきである。,新規,5,4
adansonia_grandidieri,アダンソニア・グランディディエリ,Grandidier's Baobab,Adansonia grandidieri,,マダガスカル,18〜32℃,35〜55%,12,bright_direct,hard,マダガスカルを象徴するバオバブで、生育期は土が乾いたらたっぷり水を与え、落葉する冬は断水して休眠させる。他のバオバブよりも寒さに弱く、屋外の強い日差しを好む一方で冬は最低でも15℃以上を保てる室内で管理する必要がある。成長が非常に遅く過湿にも弱いため、根腐れを起こすと回復が難しい点に注意する。果実は現地で食用にされることで知られるが、鉢植えでの誤食は念のため避けるべきである。,新規,5,5
delonix_pumila,デロニクス・プミラ,Delonix pumila,Delonix pumila,,マダガスカル,15〜30℃,30〜50%,10,bright_direct,hard,小型のまま塊根が肥大する希少な植物で、生育期は土が乾いたらたっぷり水を与え、落葉する冬は断水して休眠させる。屋外の日当たりの良い場所を好み、日照不足だと徒長して塊根が締まりにくい。成長が遅く流通量も少ないため、過湿による根腐れを起こすと回復に時間がかかる点に特に注意する。マメ科の植物で種子に毒性が指摘される近縁種があるため、ペットや子どもが誤食しないよう注意する。,新規,5,4
pterodiscus_speciosus,プテロディスクス・スペシオサス,Pterodiscus speciosus,Pterodiscus speciosus,,南アフリカ,15〜28℃,25〜45%,12,bright_direct,hard,塊根が腐りやすい繊細な植物で、生育期でも土が完全に乾いてから控えめに水を与え、落葉する冬は完全に断水して休眠させる。屋外の日当たりの良い風通しの良い場所を好み、蒸れると塊根の表面から腐敗が進みやすい。水の与えすぎと寒さが重なると急速に傷むため、特に季節の変わり目は水やりを控えめにする。毒性に関する明確な情報は少ないため、ペットや子どもが誤食しないよう注意する。,新規,5,4
kedrostis_africana,ケドロスティス・アフリカーナ,Kedrostis africana,Kedrostis africana,,南アフリカ,15〜28℃,30〜50%,10,bright_indirect,easy,つる性で塊根が地表に露出して育つ植物で、生育期は土が乾いたら水を与え、つるが枯れて休眠する冬は断水して管理する。明るい半日陰から柔らかい日向を好み、強すぎる直射日光では塊根の表面が傷むことがある。休眠期に地上部のつるがすべて枯れても塊根が生きていれば春に再び芽吹くので、慌てて処分しないよう注意する。ウリ科の塊根には毒性が指摘される近縁種もあるため、ペットや子どもが誤食しないよう注意する。,新規,3,2
echeveria_elegans,エケベリア・エレガンス,Mexican Snowball,Echeveria elegans,月影,メキシコ,10℃〜25℃,30%〜50%,12,bright_indirect,easy,生育期の春と秋は用土がしっかり乾いてから底面までたっぷり水を与え、真夏と真冬は断水気味にして休眠を促す。日当たりの良い屋外や窓際で管理するが真夏の直射日光は葉焼けを招くため午前中の光や遮光ネットを活用する。日照不足になると徒長して葉の間隔が間延びし本来のロゼット形が崩れるので早めに置き場所を見直す。毒性情報は明確でないため誤食は避け、ペットや小さな子どもの手の届かない場所に置く。,新規,4,2
echeveria_agavoides,エケベリア・アガボイデス,Lipstick Echeveria,Echeveria agavoides,雅楽の舞,メキシコ,10℃〜28℃,30%〜50%,12,bright_indirect,easy,肉厚で先端が尖った葉が特徴で乾燥に強く水のやりすぎによる根腐れに注意する。生育期は土が完全に乾いてから数日おいてたっぷり水を与え、休眠期の真夏・真冬は月1回程度に控える。強い日差しに当てると葉先が美しく色づくが急な直射日光は葉焼けの原因になるため徐々に慣らす。葉が柔らかくしぼんでくるのは水切れまたは根の不調のサインなので早めに抜き上げて根を確認する。毒性情報は明確でないため誤食は避ける。,新規,4,2
echeveria_pulidonis,エケベリア・プリドニス,Pulido's Echeveria,Echeveria pulidonis,,メキシコ,10℃〜25℃,30%〜50%,10,bright_indirect,medium,青みがかった葉に赤い縁取りが出る美しい品種で寒暖差と十分な日照によって発色が良くなる。生育期は土の表面が乾いたらたっぷり水を与え受け皿に水を溜めないようにする。風通しが悪く蒸れる環境では葉が黒ずんだり腐ったりしやすいため夏場は特に注意する。徒長しやすい品種のため日照不足のサインである葉間の間延びを見逃さないようにする。毒性情報は明確でないため誤食は避ける。,新規,4,3
echeveria_setosa,エケベリア・セトーサ,Firecracker Plant,Echeveria setosa,白鳳,メキシコ,8℃〜25℃,30%〜50%,10,bright_indirect,medium,葉の表面全体を覆う白い産毛が特徴で水やりの際に毛の間に水が溜まると蒸れや斑点の原因になるため株元から静かに与える。生育期は土が乾いたらたっぷり水を与え休眠期は控えめにする。産毛が汚れやすいので雨ざらしや上からの水やりは避け風通しの良い場所で管理する。産毛が傷んで黒ずむのは蒸れや直射日光による日焼けのサインなので置き場所を見直す。毒性情報は明確でないため誤食は避ける。,新規,4,3
echeveria_runyonii_topsy_turvy,エケベリア・トプシータービー,Topsy Turvy,Echeveria runyonii 'Topsy Turvy',エケベリア・ルンヨニー,メキシコ,10℃〜25℃,30%〜50%,12,bright_indirect,easy,内側にカールしたスプーン状の白緑色の葉が特徴で丈夫で育てやすい人気品種。生育期は土が完全に乾いてからたっぷり水を与え真夏と真冬は断水気味に管理する。日照不足になると葉の反り返りが弱くなり徒長して間延びした姿になるため日当たりの良い場所を確保する。株分れしやすく群生株になりやすいので混み合ってきたら株分けして風通しを確保する。毒性情報は明確でないため誤食は避ける。,新規,4,2
echeveria_laui,エケベリア・ラウイ,Echeveria laui,Echeveria laui,,メキシコ（オアハカ州）,12℃〜25℃,30%〜45%,14,bright_indirect,hard,葉の表面を覆う白い粉（ブルーム）が非常に美しいが手で触れると粉が取れて見た目が損なわれるため取り扱いに注意する。過湿に弱く根腐れしやすいため用土は必ず完全に乾いてから水を与え特に梅雨と冬は水やり回数を減らす。強い直射日光と雨風を避け風通しの良い半日陰〜明るい日陰で管理するのが安全。ブルームが剥げた部分は元に戻らないため水やり・置き場所の変更時は葉に水や霧が直接かからないようにする。毒性情報は明確でないため誤食は避ける。,新規,3,5
echeveria_black_prince,エケベリア・ブラックプリンス,Black Prince,Echeveria affinis 'Black Prince',,メキシコ（交配種）,8℃〜25℃,30%〜50%,10,bright_indirect,medium,黒紫色の葉色が魅力で日照量と寒暖差が大きいほど色が濃く発色する。生育期は土が乾いたらたっぷり水を与え休眠期の夏冬は控えめにする。日照不足だと葉色が緑がかってぼやけるため一年を通してできるだけ明るい場所で管理する。低温期に水を与えすぎると凍傷のような黒い斑点が出ることがあるので冬は特に用土の乾き具合を確認する。毒性情報は明確でないため誤食は避ける。,新規,4,3
sedum_morganianum,セダム・モルガニアナム,Burro's Tail,Sedum morganianum,玉つづり,メキシコ・ホンジュラス,10℃〜25℃,30%〜50%,10,bright_indirect,medium,垂れ下がる茎に丸い葉が連なるハンギングに人気の品種で葉が非常に取れやすいため移動や水やりの際はできるだけ揺らさないようにする。生育期は土の表面が乾いたらたっぷり水を与え休眠期は乾かし気味に管理する。強い直射日光では葉焼けするため明るい室内や午前中だけ日が当たる場所が適している。葉がしなびて落ちやすくなるのは水切れまたは根詰まりのサインなので鉢の状態を確認する。毒性情報は明確でないため誤食は避ける。,新規,3,3
sedum_rubrotinctum,セダム・ルブロチンクタム,Jelly Bean Plant,Sedum rubrotinctum,虹の玉,メキシコ,8℃〜28℃,30%〜55%,10,bright_indirect,easy,ぷっくりとした豆のような葉が特徴で日光と寒暖差にしっかり当てると葉先が赤く色づく。生育期は土が乾いたらたっぷり水を与え真夏と真冬は控えめにして蒸れや凍害を防ぐ。丈夫で挿し木や葉挿しでも増やしやすく初心者にも扱いやすい品種。葉が落ちやすい性質があるため強風の当たる屋外や人の出入りが多い場所は避けると美しい姿を保ちやすい。毒性情報は明確でないため誤食は避ける。,新規,4,2
sedum_pachyphyllum,セダム・パキフィルム,Jelly Bean Sedum,Sedum pachyphyllum,乙女心,メキシコ,8℃〜28℃,30%〜50%,12,bright_indirect,easy,青みがかったぷっくり葉の先端が赤く染まる姿が人気で日照が十分だとより鮮やかに発色する。生育期は用土が乾いてからたっぷり水を与え休眠期の夏と冬は乾かし気味に管理する。徒長しやすいため日照不足には注意し屋外の明るい場所や日当たりの良い窓辺で管理する。葉がぶよぶよと柔らかくなるのは水の与えすぎによる根腐れのサインなので早めに水やりを見直す。毒性情報は明確でないため誤食は避ける。,新規,4,2
sedum_adolphii,セダム・アドルフィー,Golden Sedum,Sedum adolphii,銘月,メキシコ,10℃〜28℃,30%〜50%,10,bright_indirect,easy,黄金色の葉が特徴で強い日差しと寒暖差に当たるほど葉色が鮮やかなオレンジがかった黄色に染まる。生育期は土が乾いたらたっぷり水を与え真夏と真冬は乾燥気味に管理して蒸れを防ぐ。丈夫で群生しやすく初心者にも育てやすいが日照不足だと葉色がくすんで緑っぽくなる。茎が間延びして倒れやすくなったら日照不足のサインなのでより明るい場所へ移動する。毒性情報は明確でないため誤食は避ける。,新規,4,2
sempervivum_tectorum,センペルビブム・テクトルム,Common Houseleek,Sempervivum tectorum,長生草,ヨーロッパ（アルプス山脈周辺）,マイナス10℃〜25℃,40%〜60%,10,bright_indirect,easy,耐寒性が非常に高く屋外の寒冷地でも越冬できるため日本の多くの地域で戸外管理が可能。生育期の春秋は土が乾いたらたっぷり水を与え夏の高温多湿期は蒸れやすいため風通しを確保し水やりを控える。ロゼットの中心から子株を次々と出して群生するため鉢が窮屈になったら株分けして植え替える。真夏に葉がしおれたりロゼットが溶けたようになるのは蒸れによる根腐れのサインなので涼しい半日陰へ移動する。毒性情報は明確でないため誤食は避ける。,新規,4,2
sempervivum_arachnoideum,センペルビブム・アラクノイデウム,Cobweb Houseleek,Sempervivum arachnoideum,クモの巣万年草,ヨーロッパ（アルプス〜ピレネー山脈）,マイナス10℃〜22℃,40%〜60%,10,bright_indirect,medium,ロゼットの先端同士を結ぶクモの巣状の白い糸が特徴で寒さには強い一方で高温多湿の日本の夏を苦手とする。生育期の春秋は土が乾いたらしっかり水を与え真夏は風通しの良い涼しい半日陰で断水気味に管理する。密閉した室内や梅雨時の雨ざらしは蒸れによる腐敗の原因になるため屋外の雨のかからない軒下などが適している。ロゼットの中心が黒ずんだりべたついたりするのは蒸れのサインなので早めに風通しの良い場所へ移す。毒性情報は明確でないため誤食は避ける。,新規,4,3
aeonium_arboreum_atropurpureum,アエオニウム・アルボレウム黒法師,Black Rose,Aeonium arboreum var. atropurpureum,黒法師,モロッコ・カナリア諸島,5℃〜25℃,30%〜50%,10,bright_indirect,medium,黒紫色のロゼットが樹木状に育つ人気品種で冬に成長し夏に休眠する他の多肉と逆の生育サイクルを持つ点に注意する。秋〜春の生育期は土が乾いたらたっぷり水を与え真夏の高温期は断水気味にして蒸れによる腐敗を防ぐ。日照が不足すると葉色が黒紫から緑がかった色に戻るため一年を通してできるだけ日当たりの良い場所で管理する。真夏に葉がしおれて落ちるのは休眠期の自然な反応だが茎が黒く腐る場合は根腐れのサインなので水を控える。毒性情報は明確でないため誤食は避ける。,新規,4,3
aeonium_haworthii,アエオニウム・ハオルティ,Pinwheel Aeonium,Aeonium haworthii,小人の祭り,カナリア諸島,5℃〜25℃,30%〜50%,10,bright_indirect,medium,青緑色の葉先にほんのり赤い縁取りが入る小型のロゼットが群生する品種で冬型のため秋から春にかけて活発に生育する。生育期は土が乾いたらたっぷり水を与え真夏の休眠期は蒸れを避けるため水やりを大幅に減らす。高温多湿の夏を苦手とするため風通しの良い涼しい半日陰で管理し夏越しさせるのがポイント。茎が間延びして倒れやすくなったら日照不足のサインなので置き場所を見直すか切り戻して仕立て直す。毒性情報は明確でないため誤食は避ける。,新規,4,3
aeonium_sunburst,アエオニウム・サンバースト,Sunburst Aeonium,Aeonium davidbramwellii 'Sunburst',,カナリア諸島（園芸品種）,5℃〜25℃,30%〜50%,10,bright_indirect,medium,クリーム色と緑の斑が美しい葉に日光が当たると縁がピンクに染まる冬型の品種で秋から春が生育期にあたる。生育期は土の表面が乾いたらたっぷり水を与え真夏の高温期は休眠するため水やりを控えて蒸れを防ぐ。斑入り種のため他のアエオニウムより葉焼けしやすく真夏の強い直射日光は避けて明るい半日陰で管理する。斑の部分から傷んで茶色くなるのは葉焼けや蒸れのサインなので置き場所と風通しを見直す。毒性情報は明確でないため誤食は避ける。,新規,3,3
graptoveria_fred_ives,グラプトベリア・フレッド・アイベス,Fred Ives,Graptoveria 'Fred Ives',,交配種（メキシコ系原種由来）,8℃〜28℃,30%〜50%,12,bright_indirect,easy,パステルカラーの大ぶりなロゼットが特徴で寒暖差にしっかり当てると葉全体がピンクやオレンジに美しく染まる。生育期は土が完全に乾いてからたっぷり水を与え休眠期の夏と冬は乾かし気味に管理する。丈夫で育てやすく初心者にも向くが日照不足になると葉色がくすんで徒長しやすい。株が大きくなり下葉が枯れ落ちるのは自然な代謝だが茎全体が黒ずむ場合は根腐れのサインなので確認する。毒性情報は明確でないため誤食は避ける。,新規,4,2
graptoveria_debbie,グラプトベリア・デビー,Debbie,Graptoveria 'Debbie',,交配種,8℃〜28℃,30%〜50%,12,bright_indirect,easy,ふんわりとした粉（ブルーム）をまとう紫がかったピンク色の葉が魅力で日照と寒暖差によって色づきが増す。生育期は土が乾いたらたっぷり水を与え休眠期の真夏と真冬は控えめにして根腐れを防ぐ。葉の粉は触れると取れて戻らないため水やりや植え替えの際はできるだけ葉に触れないよう注意する。日照不足になると徒長して間延びし葉色もぼやけるため明るい場所で管理する。毒性情報は明確でないため誤食は避ける。,新規,4,2
pachyphytum_oviferum,パキフィツム・オビフェルム,Moonstones,Pachyphytum oviferum,桃美人,メキシコ,10℃〜25℃,30%〜50%,14,bright_indirect,medium,卵のようにふっくらとした白い粉をまとう葉が特徴で日照が十分だと桃色に美しく色づく。過湿に弱いため用土は完全に乾いてから数日おいてたっぷり水を与え特に梅雨と冬は水やり回数を大きく減らす。葉が非常に取れやすくまた表面の粉も触れると剥げてしまうため水やりや移動の際は葉に直接触れないよう注意する。葉がしぼんでシワが寄るのは水切れのサインだが同時にぶよぶよと柔らかい場合は根腐れの可能性があるため見極めが必要。毒性情報は明確でないため誤食は避ける。,新規,3,3
graptopetalum_paraguayense,グラプトペタルム・パラグアイエンセ,Ghost Plant,Graptopetalum paraguayense,朧月,メキシコ,5℃〜28℃,30%〜55%,12,bright_indirect,easy,白灰色を帯びた大ぶりの葉が特徴で非常に丈夫で寒さにも暑さにも比較的強く初心者向けの代表的な多肉植物。生育期は土が乾いたらたっぷり水を与え休眠期の真夏と真冬は乾かし気味に管理する。葉が非常に取れやすい性質があり落ちた葉からも簡単に発根して増える生命力の強さを持つ。徒長すると茎が間延びして倒れやすくなるためできるだけ日当たりの良い場所で管理し伸びすぎたら切り戻す。毒性情報は明確でないため誤食は避ける。,新規,4,1
senecio_mandraliscae,青い鳥,Blue Chalksticks,Senecio mandraliscae,Curio talinoides var. mandraliscae,南アフリカ,10〜28℃,30〜50%,10,bright_direct,easy,春秋の生育期はしっかり乾いてからたっぷり水を与え、夏と冬は月1〜2回程度に控えると根腐れを防げます。日照不足になると茎が間延びして徒長しやすいため、屋外の明るい直射日光下か日当たりの良い窓辺で管理してください。葉が萎びてシワが寄る、または落葉が続く場合は水不足か根詰まりのサインです。キク科植物特有の毒性が指摘されているため、犬猫がいる家庭では誤食に注意してください。,新規,4,2
senecio_articulatus,七宝樹,Candle Plant,Senecio articulatus,,南アフリカ,10〜28℃,30〜50%,12,bright_direct,easy,生育期の春秋はしっかり乾かしてから水やりし、休眠期の夏は断水気味に管理すると茎の腐敗を防げます。日照が不足すると節間が間延びして徒長しやすいため、風通しの良い明るい場所に置いてください。茎にシワが寄ったりブヨブヨと軟化したりする場合は根腐れの兆候です。毒性情報は明確でないため、ペットのいる家庭では誤食を避けてください。,新規,4,2
senecio_haworthii,白銀の壺,Cocoon Plant,Senecio haworthii,Curio haworthii,南アフリカ,12〜28℃,20〜40%,14,bright_direct,medium,白い産毛に覆われた葉は多湿に非常に弱いため、土がしっかり乾いてから少なめに水を与え、葉に水をかけないよう注意してください。強い直射日光と風通しの良い環境を好み、日照不足や過湿になると産毛が抜けて緑の地肌が目立ち美観が損なわれます。葉がベタついたり黒ずんだりする場合は蒸れや根腐れのサインです。キク科特有の毒性が指摘されているため、犬猫のいる家庭では誤食に注意してください。,新規,5,3
senecio_scaposus,万宝,Senecio scaposus,Senecio scaposus,,南アフリカ,10〜28℃,30〜50%,12,bright_direct,medium,細長い筒状の葉に水を蓄えるため、土が完全に乾いてからたっぷり水を与え、過湿による軟化を避けてください。強い日差しを好み、日照不足だと葉が間延びして垂れ下がりやすくなります。葉先が茶色く枯れ込む場合は水不足、葉がブヨブヨになる場合は根腐れの可能性があります。毒性情報は明確でないため、ペットのいる家庭では誤食を避けてください。,新規,5,3
kalanchoe_thyrsiflora,唐印,Flapjacks,Kalanchoe thyrsiflora,Kalanchoe luciae,南アフリカ,5〜25℃,30〜50%,10,bright_direct,easy,生育期の秋〜春は土が乾いたらたっぷり水を与え、夏の休眠期は控えめにして蒸れを防いでください。強い日差しと寒暖差に当てると葉の縁が紅葉して美しく色づきますが、日照不足だと緑のままで間延びします。葉が黄色く柔らかくなる場合は水の与えすぎによる根腐れのサインです。カランコエ属は強心配糖体を含み犬猫に有毒との報告があるため、誤食させないよう注意してください。,新規,5,2
kalanchoe_orgyalis,扇雀,Copper Spoons,Kalanchoe orgyalis,,マダガスカル,10〜28℃,30〜50%,10,bright_direct,easy,土がしっかり乾いてから水を与え、特に冬は乾燥気味に管理して根腐れを防いでください。日照不足になると葉裏の銅色の産毛による色づきが薄れて徒長しやすくなるため、屋外や窓際の明るい場所で育ててください。葉が落ちやすくなったりカビが生えたりする場合は多湿や風通し不足が原因です。カランコエ属は犬猫に対して毒性が報告されているため、誤食に注意してください。,新規,5,2
kalanchoe_eriophylla,福兎耳,Snow White Panda Plant,Kalanchoe eriophylla,,マダガスカル,10〜28℃,30〜50%,12,bright_indirect,easy,白い綿毛に覆われた葉は蒸れに弱いため、土が乾いてから水やりし、葉に水がかからないよう注意してください。強すぎる直射日光より明るい半日陰を好み、日照不足だと葉が間延びして姿が乱れます。葉が黒ずんだりカビが生えたりする場合は過湿や風通し不足のサインです。カランコエ属は犬猫に有毒との報告があるため、誤食させないよう管理してください。,新規,3,2
agave_titanota,チタノタ,Titanota Agave,Agave titanota,,メキシコ,5〜30℃,20〜40%,14,bright_direct,medium,根が細いため水の与えすぎに弱く、土が完全に乾いてから与えるくらい乾燥気味の管理が基本です。強い直射日光に当てることで葉が引き締まり白い爪が際立ちますが、日照不足だと葉が間延びして間伸びした姿になります。葉の中心が黒く腐る場合は水の与えすぎや冠水による腐敗のサインです。葉先の鋭いトゲは小型ペットや子どもに危険なため、置き場所に注意してください。,新規,5,3
agave_potatorum,吉祥天,Kissho-ten Agave,Agave potatorum,,メキシコ,5〜30℃,20〜40%,14,bright_direct,medium,乾燥に強いため土がしっかり乾いてから水を与え、特に冬は月1回程度の断水気味の管理が安全です。日照不足になると葉が薄く間延びしてロゼットの形が崩れやすいため、屋外や日当たりの良い窓辺で育ててください。株の中心が黒ずんで柔らかくなる場合は根腐れや芯腐れの可能性があります。葉先のトゲが鋭いため、小さな子どもやペットが触れない場所に置いてください。,新規,5,3
agave_isthmensis,雷神,Raijin Agave,Agave isthmensis,Agave potatorum var. verschaffeltii,メキシコ,5〜30℃,20〜40%,14,bright_direct,medium,小型で成長が遅いため、土が完全に乾いてから控えめに水を与える管理が向いています。強い直射日光に当てることでコンパクトに引き締まった姿になりますが、日照不足だと葉が伸びて間延びします。葉に白い斑点状のカイガラムシが付くことがあるため定期的に観察してください。葉先の鋭いトゲは危険なので、ペットや子どもの手が届かない場所に置いてください。,新規,5,3
agave_attenuata,アガベ・アテナータ（狐の尾）,Foxtail Agave,Agave attenuata,,メキシコ,5〜28℃,30〜50%,12,bright_direct,easy,他のアガベよりやや水を好むため、土が乾いたら比較的早めにたっぷり水を与えると生育が良くなります。日当たりの良い場所を好みますが、真夏の強すぎる直射日光では葉焼けすることがあるため半日陰との調整が有効です。葉先が茶色く枯れ込む場合は乾燥のしすぎ、葉が黄色く柔らかくなる場合は過湿のサインです。トゲがほとんどないため他のアガベに比べて安全ですが、毒性情報は明確でないためペットの誤食は避けてください。,新規,4,2
haworthia_fasciata,十二の巻,Zebra Haworthia,Haworthia fasciata,,南アフリカ,10〜28℃,30〜60%,10,bright_indirect,easy,生育期は土が乾いたらたっぷり水を与え、夏と冬は乾かし気味にして根腐れを防いでください。強い直射日光よりレースカーテン越しの明るい光を好み、直射日光に当てすぎると葉が茶色く葉焼けします。逆に日照不足だと縞模様が薄くなり葉が間延びします。毒性情報は明確でないため、ペットのいる家庭では誤食を避けてください。,新規,3,1
haworthia_truncata,玉扇,Horse's Teeth,Haworthia truncata,,南アフリカ,10〜28℃,30〜50%,12,bright_indirect,hard,扁平な葉の切り口から水を吸収する特殊な形状のため、土が完全に乾いてから少量ずつ水を与えるのが基本です。直射日光より明るい半日陰を好み、強すぎる光では葉が変色し、逆に日照不足だと葉の並びが乱れて徒長します。葉の間に水が溜まると腐敗しやすいため、水やりの際は葉の隙間に水が入らないよう注意してください。毒性情報は明確でないため、ペットのいる家庭では誤食を避けてください。,新規,3,4
haworthia_comptoniana,コンプトニアナ,Haworthia comptoniana,Haworthia comptoniana,,南アフリカ,10〜28℃,30〜60%,10,bright_indirect,medium,軟葉系ハオルチアのため、土が乾いたらたっぷり水を与えつつ蒸れによる根腐れに注意して管理してください。強い直射日光を避けた明るい日陰を好み、直射日光に当てると葉が赤く変色したり葉焼けを起こしたりします。逆に日照不足だと葉の窓（透明な部分）の透明感が失われ間延びします。毒性情報は明確でないため、ペットのいる家庭では誤食を避けてください。,新規,3,3
gasteria_armstrongii,臥牛,Gasteria armstrongii,Gasteria armstrongii,Gasteria carinata var. armstrongii,南アフリカ,10〜28℃,30〜60%,10,bright_indirect,medium,肉厚な葉に水を蓄えるため、土が乾いてからたっぷり水を与え、過湿による根腐れを避けてください。強い直射日光よりレースカーテン越しの柔らかい光を好み、真夏の直射日光では葉焼けを起こしやすくなります。日照不足だと葉が薄く伸びて左右対称の重なりが乱れます。毒性情報は明確でないため、ペットのいる家庭では誤食を避けてください。,新規,3,2
lithops_karasmontana,リトープス（カラスモンタナ）,Lithops karasmontana,Lithops karasmontana,,南アフリカ・ナミビア,10〜28℃,20〜40%,20,bright_direct,hard,脱皮のサイクルに合わせた水やりが重要で、脱皮中の春から初夏は断水し、新しい葉が完成してから水を再開してください。強い直射日光を好みますが、夏の高温期は風通しの良い半日陰で蒸れを防ぐと安全です。株がしぼんでシワが寄る場合は水切れ、逆に軟化する場合は水の与えすぎによる根腐れのサインです。毒性情報は明確でないため、ペットのいる家庭では誤食を避けてください。,新規,5,4
lithops_aucampiae,リトープス（アウカンピアエ）,Lithops aucampiae,Lithops aucampiae,,南アフリカ,10〜28℃,20〜40%,20,bright_direct,hard,他のリトープス同様、脱皮期の断水と休眠期の水やり制限が生育の鍵になります。強い直射日光を好む一方、真夏は蒸れによる腐敗を避けるため風通しを確保してください。表皮が二重に見えるほど水を与えすぎると株が徒長したり腐ったりします。毒性情報は明確でないため、ペットのいる家庭では誤食を避けてください。,新規,5,4
lithops_optica,リトープス（オプティカ）,Lithops optica,Lithops optica,,南アフリカ・ナミビア,10〜26℃,20〜40%,20,bright_direct,hard,脱皮中は水を与えず、古い皮が完全に乾いてから通常の水やりを再開するのが基本です。他のリトープスよりやや光を好みますが、真夏の強すぎる直射日光では葉が傷むため、午前中の光を中心に管理すると安全です。水の与えすぎで株がブヨブヨと軟化する場合は根腐れの可能性が高く、早めの断水が必要です。毒性情報は明確でないため、ペットのいる家庭では誤食を避けてください。,新規,4,4
aloe_variegata,千代田錦,Partridge Breast Aloe,Gonialoe variegata,Aloe variegata,南アフリカ,5〜28℃,30〜50%,12,bright_indirect,medium,土が乾いたらたっぷり水を与えますが、真夏の高温多湿期は蒸れやすいため水やりの回数を減らしてください。強い直射日光よりレースカーテン越しの明るい場所を好み、直射日光に長時間当てると葉焼けを起こします。葉の根元が黒ずんで柔らかくなる場合は過湿による根腐れのサインです。アロエ属は犬猫に対して消化器症状を引き起こす可能性が報告されているため、誤食に注意してください。,新規,3,3
aloe_distans,不夜城,Aloe distans,Aloe distans,,南アフリカ,5〜28℃,30〜50%,12,bright_direct,easy,生育期は土が乾いたらたっぷり水を与え、冬は乾燥気味に管理して寒さによる根腐れを防いでください。日当たりの良い場所を好み、日照不足だと葉間が間延びして密に詰まったロゼットの形が崩れます。葉先が茶色く枯れる場合は水切れ、株元が黒ずむ場合は過湿のサインです。アロエ属は犬猫に対して消化器症状を引き起こす可能性が報告されているため、誤食に注意してください。,新規,4,2
philodendron_erubescens_red_emerald,フィロデンドロン・レッドエメラルド,Philodendron Red Emerald,Philodendron erubescens 'Red Emerald',,コロンビア原産種の交配園芸品種,18〜28℃,50〜65%,6,bright_indirect,easy,表土が乾いたらたっぷりと水を与えると赤みを帯びた新葉と艶のある濃緑葉のコントラストを楽しめる丈夫な品種です。明るい室内でよく育ちますが直射日光は葉焼けの原因になるため避けてください。つる性で伸びるため支柱に這わせると気根を出してよく茂ります。サトイモ科植物で誤食すると口腔内が炎症を起こす恐れがあるためペットのいる家庭では注意しましょう。,新規,3,2
philodendron_prince_of_orange,フィロデンドロン・プリンスオブオレンジ,Philodendron Prince of Orange,Philodendron 'Prince of Orange',,中南米原産種の交配園芸品種,18〜28℃,50〜65%,6,bright_indirect,easy,新葉がオレンジ色から徐々に緑へ変化する過程が魅力の品種で表土が乾いたらたっぷり水を与えます。直射日光では葉焼けしやすいため明るい日陰で管理し光量不足だと発色が鈍くなる点に注意してください。株立ちでコンパクトにまとまり鉢植えでも扱いやすい品種です。誤食すると口腔内に炎症を起こす恐れがあるためペットのいる家庭では手の届かない場所に置きましょう。,新規,3,2
philodendron_brasil,フィロデンドロン・ブラジル,Philodendron Brasil,Philodendron hederaceum 'Brasil',,中南米原産種の斑入り園芸品種,18〜28℃,50〜70%,6,bright_indirect,easy,ライムグリーンの斑が入った葉が人気のつる性品種で表土が乾いたらたっぷり水を与えます。半日陰でも育ちますが斑をきれいに保つには明るい場所が適し光量不足だと斑が消えて緑一色に戻りやすい点に注意してください。ハンギングや水挿しでも育てやすく初心者にもおすすめです。誤食すると口腔内が炎症を起こす恐れがあるためペットのいる家庭では注意しましょう。,新規,3,1
philodendron_burle_marx,フィロデンドロン・バーレマルクス,Philodendron Burle Marx,Philodendron 'Burle Marx',,ブラジル原産種の交配園芸品種,18〜28℃,55〜70%,6,bright_indirect,easy,細長い葉がロゼット状に広がる品種で表土が乾いたらたっぷりと水を与えます。明るい日陰でよく育ち直射日光は葉焼けの原因になるため避けてください。地を這うように広がる性質があるため鉢の余白を確保して植えると自然な樹形になります。誤食すると口腔内が炎症を起こす恐れがあるためペットのいる家庭では手の届かない場所で管理しましょう。,新規,3,2
philodendron_white_princess,フィロデンドロン・ホワイトプリンセス,Philodendron White Princess,Philodendron erubescens 'White Princess',,コロンビア原産種の交配園芸品種,20〜28℃,60〜70%,6,bright_indirect,hard,白い斑が細かく入る葉が特徴で表土が乾いたら早めにたっぷりと水を与えます。斑を維持するには明るい光が必要ですが直射日光は葉焼けの原因になるため注意してください。光量不足だと斑が消えて緑一色の葉が増えやすく、その場合は全緑の茎を剪定すると斑入りの成長点が優勢になります。サトイモ科植物で誤食すると口腔内が炎症を起こす恐れがあるためペットのいる家庭では特に注意が必要です。,新規,4,4
philodendron_white_wizard,フィロデンドロン・ホワイトウィザード,Philodendron White Wizard,Philodendron 'White Wizard',,中南米原産種の交配園芸品種,20〜28℃,60〜70%,6,bright_indirect,hard,クリーム色の大胆な斑が入る人気品種で表土が乾いたらたっぷりと水を与えます。斑を保つには明るい光が欠かせませんが直射日光では葉焼けしやすいため明るい日陰で管理してください。光量不足や強い剪定後に全緑の葉が出やすく、その場合は早めに切り戻すと斑入りが維持されやすくなります。誤食すると口腔内が炎症を起こす恐れがあるためペットのいる家庭では手の届かない場所に置きましょう。,新規,4,4
philodendron_white_knight,フィロデンドロン・ホワイトナイト,Philodendron White Knight,Philodendron 'White Knight',,中南米原産種の交配園芸品種,20〜28℃,60〜70%,6,bright_indirect,hard,赤みを帯びた茎に白斑が入る葉のコントラストが美しい希少品種で表土が乾いたらたっぷりと水を与えます。斑の維持には明るい光が必要ですが直射日光は葉焼けの原因になるため避けてください。成長がゆっくりで高温多湿を好むため冬場の温度低下には注意が必要です。誤食すると口腔内が炎症を起こす恐れがあるためペットのいる家庭では手の届かない場所で管理しましょう。,新規,4,5
philodendron_pedatum,フィロデンドロン・ペダタム,Philodendron Pedatum,Philodendron pedatum,,ブラジル原産,18〜27℃,55〜70%,6,bright_indirect,medium,鹿の角のように深く切れ込んだ葉が特徴で表土が乾いたらたっぷりと水を与えます。明るい日陰を好み直射日光では葉焼けしやすいため注意してください。着生植物のためミズゴケなどの支柱に這わせると気根が絡みつき本来の葉形が育ちやすくなります。誤食すると口腔内が炎症を起こす恐れがあるためペットのいる家庭では手の届かない場所に置きましょう。,新規,3,3
philodendron_mccolley_finale,フィロデンドロン・マッコレイズフィナーレ,Philodendron McColley's Finale,Philodendron 'McColley's Finale',,中南米原産種の交配園芸品種,18〜28℃,55〜70%,6,bright_indirect,medium,新葉が濃い赤銅色で展開し徐々に深緑へ変化する品種で表土が乾いたらたっぷりと水を与えます。明るい日陰でよく育ち直射日光は葉焼けの原因になるため避けてください。コンパクトに育つため小さめの鉢でも扱いやすい品種です。誤食すると口腔内が炎症を起こす恐れがあるためペットのいる家庭では注意しましょう。,新規,3,3
philodendron_joepii,フィロデンドロン・ジョエピー,Philodendron Joepii,Philodendron joepii,,フランス領ギアナ原産,20〜28℃,60〜75%,6,bright_indirect,hard,ウサギの耳のような二裂した独特の葉形が特徴の希少種で表土が乾いたらたっぷりと水を与えます。高い湿度を好み乾燥した室内では葉先が傷みやすいため加湿を心がけてください。直射日光は葉焼けの原因になるため明るい日陰で管理しましょう。誤食すると口腔内が炎症を起こす恐れがあるためペットのいる家庭では特に注意が必要です。,新規,3,4
philodendron_melanochrysum,フィロデンドロン・メラノクリサム,Philodendron Melanochrysum,Philodendron melanochrysum,,コロンビア原産,20〜28℃,65〜80%,6,bright_indirect,hard,ビロード状の質感を持つ黒みがかった濃緑の葉が魅力の希少種で表土が乾いたらたっぷりと水を与えます。高湿度を好み乾燥に弱いため加湿器などで湿度を保つと葉の艶が保たれます。直射日光は葉焼けの原因になるため明るい日陰で管理してください。誤食すると口腔内が炎症を起こす恐れがあるためペットのいる家庭では手の届かない場所に置きましょう。,新規,3,5
philodendron_spiritus_sancti,フィロデンドロン・スピリトゥスサンクティ,Philodendron Spiritus Sancti,Philodendron spiritus-sancti,,ブラジル原産の絶滅危惧種,20〜28℃,65〜80%,6,bright_indirect,hard,細長く波打つ葉を持つ最希少種の一つで表土が乾いたらたっぷりと水を与えます。高い湿度と明るい光を好みますが直射日光は葉焼けの原因になるため明るい日陰で管理してください。成長が非常にゆっくりで温度と湿度の変化に敏感なため環境を安定させることが重要です。誤食すると口腔内が炎症を起こす恐れがあるためペットのいる家庭では特に注意が必要です。,新規,3,5
philodendron_mamei,フィロデンドロン・マメイ,Philodendron Mamei,Philodendron mamei,,エクアドル原産,18〜27℃,60〜75%,6,bright_indirect,medium,銀灰色の斑模様が入るハート形の葉が特徴で表土が乾いたらたっぷりと水を与えます。明るい日陰を好み直射日光では葉焼けしやすいため注意してください。地を這うように育つため鉢の表面を這わせるか支柱に誘引すると管理しやすくなります。誤食すると口腔内が炎症を起こす恐れがあるためペットのいる家庭では手の届かない場所に置きましょう。,新規,3,3
philodendron_tortum,フィロデンドロン・トルタム,Philodendron Tortum,Philodendron tortum,,ブラジル原産,20〜28℃,60〜75%,6,bright_indirect,medium,深く細かく切れ込んだレース状の葉が特徴的な品種で表土が乾いたらたっぷりと水を与えます。明るい日陰でよく育ち直射日光は葉焼けの原因になるため避けてください。着生植物のため支柱に這わせると気根が絡みつき安定して成長します。誤食すると口腔内が炎症を起こす恐れがあるためペットのいる家庭では注意しましょう。,新規,3,3
philodendron_billietiae,フィロデンドロン・ビレティアエ,Philodendron Billietiae,Philodendron billietiae,,フランス領ギアナ原産,20〜28℃,55〜70%,6,bright_indirect,medium,オレンジ色の葉柄と細長い波打つ葉が特徴的な人気品種で表土が乾いたらたっぷりと水を与えます。明るい日陰でよく育ち直射日光は葉焼けの原因になるため避けてください。成長が早く大きく育つため広めのスペースを確保すると自然な樹形になります。誤食すると口腔内が炎症を起こす恐れがあるためペットのいる家庭では手の届かない場所に置きましょう。,新規,3,3
philodendron_xanadu,フィロデンドロン・ザナドゥ,Philodendron Xanadu,Thaumatophyllum xanadu,Philodendron xanadu,ブラジル原産,15〜28℃,50〜65%,7,bright_indirect,easy,深い切れ込みのある艶やかな葉がこんもりと茂る丈夫な品種で表土が乾いたらたっぷりと水を与えます。耐陰性があり半日陰でも育ちますが直射日光は葉焼けの原因になるため避けてください。株立ちでまとまりやすく屋内外どちらでも扱いやすい品種です。誤食すると口腔内が炎症を起こす恐れがあるためペットのいる家庭では注意しましょう。,新規,3,1
philodendron_congo_rojo,フィロデンドロン・コンゴロホ,Philodendron Congo Rojo,Philodendron 'Congo Rojo',,中南米原産種の交配園芸品種,18〜28℃,50〜65%,7,bright_indirect,easy,新葉が赤紫色で展開し徐々に濃緑へ変化するコンゴシリーズの品種で表土が乾いたらたっぷりと水を与えます。明るい室内でよく育ちますが直射日光は葉焼けの原因になるため避けてください。株立ちでコンパクトにまとまり初心者にも育てやすい品種です。誤食すると口腔内が炎症を起こす恐れがあるためペットのいる家庭では手の届かない場所に置きましょう。,新規,3,1
philodendron_imperial_red,フィロデンドロン・インペリアルレッド,Philodendron Imperial Red,Philodendron 'Imperial Red',,中南米原産種の交配園芸品種,18〜28℃,50〜65%,7,bright_indirect,easy,赤みを帯びた新葉と大きく艶のある葉が存在感のある品種で表土が乾いたらたっぷりと水を与えます。明るい室内でよく育ちますが直射日光は葉焼けの原因になるため避けてください。株立ちで大きく育つため広めの鉢で管理すると見応えのある株姿になります。誤食すると口腔内が炎症を起こす恐れがあるためペットのいる家庭では注意しましょう。,新規,3,2
philodendron_florida_ghost,フィロデンドロン・フロリダゴースト,Philodendron Florida Ghost,Philodendron 'Florida Ghost',,中南米原産種の交配園芸品種,20〜28℃,55〜70%,6,bright_indirect,hard,新葉が白く幽霊のように現れ徐々に切れ込みが深まりながら緑へ変化する希少品種で表土が乾いたらたっぷりと水を与えます。明るい日陰を好み直射日光は葉焼けの原因になるため避けてください。新葉が白い間は光合成できないため株を弱らせないよう気長に見守ることが大切です。誤食すると口腔内が炎症を起こす恐れがあるためペットのいる家庭では手の届かない場所に置きましょう。,新規,3,4
philodendron_paraiso_verde,フィロデンドロン・パライソベルデ,Philodendron Paraiso Verde,Philodendron 'Paraiso Verde',,中南米原産種の交配園芸品種,18〜28℃,55〜70%,6,bright_indirect,medium,黄緑と濃緑が入り混じるマーブル状の斑が特徴の品種で表土が乾いたらたっぷりと水を与えます。斑を維持するには明るい光が必要ですが直射日光は葉焼けの原因になるため明るい日陰で管理してください。光量不足だと斑が薄れやすいため置き場所に注意しましょう。誤食すると口腔内が炎症を起こす恐れがあるためペットのいる家庭では手の届かない場所に置きましょう。,新規,3,3
alocasia_zebrina,アロカシア・ゼブリナ,Alocasia Zebrina,Alocasia zebrina,,フィリピン原産,20〜28℃,60〜75%,5,bright_indirect,medium,シマウマ模様の葉柄が特徴的な品種で土の表面が乾いたら早めにたっぷりと水を与えます。高い湿度を好み乾燥すると葉先が傷みやすいため加湿を心がけてください。直射日光は葉焼けの原因になるため明るい日陰で管理しましょう。アロカシア属は樹液の刺激が強く誤食すると重い炎症を起こす恐れがあるためペットのいる家庭では特に注意が必要です。,新規,3,3
alocasia_macrorrhiza,アロカシア・マクロリザ,Alocasia Macrorrhiza,Alocasia macrorrhizos,,東南アジア原産,18〜30℃,55〜75%,6,bright_indirect,easy,非常に大きく育つ品種で土の表面が乾いたらたっぷりと水を与えます。比較的丈夫で明るい日陰でもよく育ちますが直射日光は葉焼けの原因になるため避けてください。地下茎が発達し大鉢で育てると見応えのある大株になります。アロカシア属は樹液の刺激が強く誤食すると重い炎症を起こす恐れがあるためペットのいる家庭では特に注意が必要です。,新規,3,2
alocasia_sanderiana,アロカシア・サンデリアナ,Alocasia Sanderiana,Alocasia sanderiana,,フィリピン原産,20〜28℃,60〜75%,5,bright_indirect,hard,銀白色の葉脈と波打つ葉縁が美しい品種で土の表面が乾いたら早めにたっぷりと水を与えます。高い湿度を好み乾燥や急な環境変化に弱いため置き場所を頻繁に変えないようにしてください。直射日光は葉焼けの原因になるため明るい日陰で管理しましょう。アロカシア属は樹液の刺激が強く誤食すると重い炎症を起こす恐れがあるためペットのいる家庭では特に注意が必要です。,新規,3,4
alocasia_bambino,アロカシア・バンビーノ,Alocasia Bambino,Alocasia 'Bambino',,東南アジア原産種の交配園芸品種,20〜28℃,55〜70%,5,bright_indirect,medium,矢じり形の小さな葉がコンパクトにまとまる品種で土の表面が乾いたら早めにたっぷりと水を与えます。乾燥すると葉先が傷みやすいため湿度を保つよう心がけてください。直射日光は葉焼けの原因になるため明るい日陰で管理しましょう。アロカシア属は樹液の刺激が強く誤食すると重い炎症を起こす恐れがあるためペットのいる家庭では特に注意が必要です。,新規,3,3
alocasia_frydek,アロカシア・フリデク,Alocasia Frydek,Alocasia micholitziana 'Frydek',,フィリピン原産種の園芸品種,20〜28℃,65〜75%,5,bright_indirect,medium,ビロード状の質感と白い葉脈が美しいコントラストを描く品種で土の表面が乾いたら早めにたっぷりと水を与えます。高い湿度を好み乾燥すると葉が傷みやすいため加湿を心がけてください。直射日光は葉焼けの原因になるため明るい日陰で管理しましょう。アロカシア属は樹液の刺激が強く誤食すると重い炎症を起こす恐れがあるためペットのいる家庭では特に注意が必要です。,新規,3,3
alocasia_stingray,アロカシア・スティングレイ,Alocasia Stingray,Alocasia 'Stingray',,東南アジア原産種の交配園芸品種,20〜28℃,60〜75%,5,bright_indirect,medium,エイのしっぽのように葉先が伸びるユニークな形状が特徴の品種で土の表面が乾いたら早めにたっぷりと水を与えます。高い湿度を好み乾燥すると葉先が傷みやすいため加湿を心がけてください。直射日光は葉焼けの原因になるため明るい日陰で管理しましょう。アロカシア属は樹液の刺激が強く誤食すると重い炎症を起こす恐れがあるためペットのいる家庭では特に注意が必要です。,新規,3,3
alocasia_wentii,アロカシア・ウェンティ,Alocasia Wentii,Alocasia wentii,,インドネシア原産,18〜28℃,55〜70%,6,bright_indirect,easy,銅色を帯びた光沢のある大きな葉が特徴で比較的丈夫な品種です。土の表面が乾いたらたっぷりと水を与え、明るい日陰でよく育ちますが直射日光は葉焼けの原因になるため避けてください。他のアロカシア属に比べて乾燥にもある程度耐えるため初心者にも扱いやすい品種です。アロカシア属は樹液の刺激が強く誤食すると重い炎症を起こす恐れがあるためペットのいる家庭では特に注意が必要です。,新規,3,2
alocasia_regal_shield,アロカシア・リーガルシールド,Alocasia Regal Shield,Alocasia 'Regal Shield',,東南アジア原産種の交配園芸品種,20〜28℃,60〜75%,5,bright_indirect,medium,盾のように大きく丸みを帯びた濃緑の葉が特徴の品種で土の表面が乾いたら早めにたっぷりと水を与えます。高い湿度を好み乾燥すると葉先が傷みやすいため加湿を心がけてください。直射日光は葉焼けの原因になるため明るい日陰で管理しましょう。アロカシア属は樹液の刺激が強く誤食すると重い炎症を起こす恐れがあるためペットのいる家庭では特に注意が必要です。,新規,3,3
alocasia_maharani,アロカシア・マハラニ,Alocasia Maharani,Alocasia 'Maharani',,東南アジア原産種の交配園芸品種,18〜27℃,55〜70%,7,bright_indirect,medium,グレーがかった厚みのある小型の葉が特徴のグレードラゴンとも呼ばれる品種で土の表面が乾いたらたっぷりと水を与えます。他のアロカシア属より乾燥にやや強いですが直射日光は葉焼けの原因になるため明るい日陰で管理してください。成長がゆっくりで小さな鉢でも育てやすい品種です。アロカシア属は樹液の刺激が強く誤食すると重い炎症を起こす恐れがあるためペットのいる家庭では特に注意が必要です。,新規,3,3
alocasia_lauterbachiana,アロカシア・ラウテルバキアナ,Alocasia Lauterbachiana,Alocasia lauterbachiana,,パプアニューギニア原産,20〜28℃,60〜75%,5,bright_indirect,hard,細長く鋸歯状の葉縁を持つ縦長の葉が特徴的な品種で土の表面が乾いたら早めにたっぷりと水を与えます。高い湿度を好み乾燥や温度変化に弱いため環境を安定させることが大切です。直射日光は葉焼けの原因になるため明るい日陰で管理しましょう。アロカシア属は樹液の刺激が強く誤食すると重い炎症を起こす恐れがあるためペットのいる家庭では特に注意が必要です。,新規,3,4
alocasia_longiloba,アロカシア・ロンギローバ,Alocasia Longiloba,Alocasia longiloba,,東南アジア原産,20〜28℃,60〜75%,5,bright_indirect,medium,銀灰色の葉脈模様が入る矢じり形の葉が美しい品種で土の表面が乾いたら早めにたっぷりと水を与えます。高い湿度を好み乾燥すると葉先が傷みやすいため加湿を心がけてください。直射日光は葉焼けの原因になるため明るい日陰で管理しましょう。アロカシア属は樹液の刺激が強く誤食すると重い炎症を起こす恐れがあるためペットのいる家庭では特に注意が必要です。,新規,3,3
alocasia_princeps,アロカシア・プリンセプス,Alocasia Princeps,Alocasia princeps,,ボルネオ島原産,20〜28℃,65〜80%,5,bright_indirect,hard,黒みがかった葉に銀白色の葉脈が浮かぶ希少種で土の表面が乾いたら早めにたっぷりと水を与えます。非常に高い湿度を好み乾燥に弱いため温室やケースでの管理が向いています。直射日光は葉焼けの原因になるため明るい日陰で管理しましょう。アロカシア属は樹液の刺激が強く誤食すると重い炎症を起こす恐れがあるためペットのいる家庭では特に注意が必要です。,新規,3,5
alocasia_azlanii,アロカシア・アズラニー,Alocasia Azlanii,Alocasia azlanii,,ボルネオ島原産,20〜28℃,65〜80%,5,bright_indirect,hard,銅赤色に輝く葉と鮮やかな赤い葉裏が特徴的な希少種で土の表面が乾いたら早めにたっぷりと水を与えます。非常に高い湿度を好み乾燥に弱いため加湿環境での管理が推奨されます。直射日光は葉焼けの原因になるため明るい日陰で管理しましょう。アロカシア属は樹液の刺激が強く誤食すると重い炎症を起こす恐れがあるためペットのいる家庭では特に注意が必要です。,新規,3,5
alocasia_portodora,アロカシア・ポルトドラ,Alocasia Portodora,Alocasia 'Portodora',,東南アジア原産種の交配園芸品種,18〜28℃,55〜70%,6,bright_indirect,easy,ジャイアントタロとも呼ばれる大きく波打つ葉が豪快に茂る品種で土の表面が乾いたらたっぷりと水を与えます。比較的丈夫で明るい日陰でもよく育ちますが直射日光は葉焼けの原因になるため避けてください。大鉢で育てると存在感のある大株になります。アロカシア属は樹液の刺激が強く誤食すると重い炎症を起こす恐れがあるためペットのいる家庭では特に注意が必要です。,新規,3,2
alocasia_nebula,アロカシア・ネブラ,Alocasia Nebula,Alocasia 'Nebula',,ボルネオ島原産種の交配園芸品種,20〜28℃,65〜80%,5,bright_indirect,hard,雲のような銀灰色の模様が浮かぶ葉が魅力の希少品種で土の表面が乾いたら早めにたっぷりと水を与えます。非常に高い湿度を好み乾燥に弱いため加湿環境での管理が推奨されます。直射日光は葉焼けの原因になるため明るい日陰で管理しましょう。アロカシア属は樹液の刺激が強く誤食すると重い炎症を起こす恐れがあるためペットのいる家庭では特に注意が必要です。,新規,3,5
monstera_standleyana,モンステラ・スタンレアナ,Monstera Standleyana,Monstera standleyana,,中南米原産,18〜28℃,55〜70%,7,bright_indirect,easy,クリーム色の斑が入る細長いつる性の葉が特徴で表土が乾いたらたっぷりと水を与えます。明るい日陰でよく育ちますが直射日光は葉焼けの原因になるため避けてください。着生植物のため支柱に這わせると気根が絡みつき安定して成長します。誤食すると口腔内が炎症を起こす恐れがあるためペットのいる家庭では手の届かない場所に置きましょう。,新規,3,2
monstera_dubia,モンステラ・ドゥビア,Monstera Dubia,Monstera dubia,,中南米原産,20〜28℃,60〜75%,6,bright_indirect,hard,支柱に張り付くように育つ小さなハート形の葉が特徴的な着生種で表土が乾いたらたっぷりと水を与えます。高い湿度を好み乾燥に弱いため加湿を心がけてください。直射日光は葉焼けの原因になるため明るい日陰で管理し、ミズゴケ支柱に這わせると本来の姿で育ちます。誤食すると口腔内が炎症を起こす恐れがあるためペットのいる家庭では手の届かない場所に置きましょう。,新規,3,4
monstera_epipremnoides,モンステラ・エピプレムノイデス,Monstera Epipremnoides,Monstera epipremnoides,,中南米原産,18〜28℃,60〜75%,6,bright_indirect,medium,細かい切れ込みが入る薄い葉が特徴の品種で表土が乾いたらたっぷりと水を与えます。明るい日陰を好み直射日光は葉焼けの原因になるため避けてください。着生植物のため支柱に這わせると気根が絡みつき成長が安定します。誤食すると口腔内が炎症を起こす恐れがあるためペットのいる家庭では手の届かない場所に置きましょう。,新規,3,3
monstera_siltepecana,モンステラ・シルテペカナ,Monstera Siltepecana,Monstera siltepecana,,メキシコ原産,18〜28℃,55〜70%,6,bright_indirect,medium,銀灰色の光沢を帯びた細長い葉が特徴のつる性品種で表土が乾いたらたっぷりと水を与えます。明るい日陰でよく育ちますが直射日光は葉焼けの原因になるため避けてください。支柱に這わせると葉が大きく変化するモンステラらしい姿に育ちます。誤食すると口腔内が炎症を起こす恐れがあるためペットのいる家庭では手の届かない場所に置きましょう。,新規,3,3
monstera_pinnatipartita,モンステラ・ピンナティパルティータ,Monstera Pinnatipartita,Monstera pinnatipartita,,中南米原産,18〜28℃,60〜75%,6,bright_indirect,medium,若い頃は切れ込みのない葉で成熟すると羽状に深く裂ける変化が楽しい品種で表土が乾いたらたっぷりと水を与えます。明るい日陰を好み直射日光は葉焼けの原因になるため避けてください。支柱に這わせて育てると穴の空いた成熟葉が出やすくなります。誤食すると口腔内が炎症を起こす恐れがあるためペットのいる家庭では手の届かない場所に置きましょう。,新規,3,3
monstera_acacoyaguensis,モンステラ・アカコヤグエンシス,Monstera Acacoyaguensis,Monstera acacoyaguensis,,メキシコ原産,18〜28℃,60〜75%,6,bright_indirect,hard,深い切れ込みと不規則な穴が入る個性的な葉を持つ希少種で表土が乾いたらたっぷりと水を与えます。高い湿度を好み乾燥に弱いため加湿を心がけてください。直射日光は葉焼けの原因になるため明るい日陰で管理しましょう。誤食すると口腔内が炎症を起こす恐れがあるためペットのいる家庭では手の届かない場所に置きましょう。,新規,3,4
monstera_lechleriana,モンステラ・レクレリアナ,Monstera Lechleriana,Monstera lechleriana,,中南米原産,18〜28℃,60〜75%,6,bright_indirect,medium,穴の開いた大きな葉が育つと重なり合うように茂る品種で表土が乾いたらたっぷりと水を与えます。明るい日陰を好み直射日光は葉焼けの原因になるため避けてください。支柱に這わせて育てると成熟葉に切れ込みが増えていきます。誤食すると口腔内が炎症を起こす恐れがあるためペットのいる家庭では手の届かない場所に置きましょう。,新規,3,3
monstera_esqueleto,モンステラ・エスケレト,Monstera Esqueleto,Monstera sp. 'Esqueleto',,中南米原産,18〜28℃,60〜75%,6,bright_indirect,hard,骨格を意味する名前の通り葉脈だけを残すように大きな穴が広がる希少種で表土が乾いたらたっぷりと水を与えます。高い湿度を好み乾燥に弱いため加湿を心がけてください。直射日光は葉焼けの原因になるため明るい日陰で管理しましょう。誤食すると口腔内が炎症を起こす恐れがあるためペットのいる家庭では手の届かない場所に置きましょう。,新規,3,4
anthurium_veitchii,アンスリウム・ヴェイチー,Anthurium Veitchii,Anthurium veitchii,,コロンビア原産,20〜28℃,70〜85%,6,bright_indirect,hard,キングアンスリウムと呼ばれる長く波打つ大きな葉が垂れ下がる希少種で表土が乾いたらたっぷりと水を与えます。非常に高い湿度を好み乾燥すると葉が傷みやすいため加湿環境での管理が推奨されます。直射日光は葉焼けの原因になるため明るい日陰で管理しましょう。サトイモ科植物で誤食すると口腔内が炎症を起こす恐れがあるためペットのいる家庭では特に注意が必要です。,新規,3,5
anthurium_regale,アンスリウム・レガーレ,Anthurium Regale,Anthurium regale,,ペルー原産,20〜28℃,70〜85%,6,bright_indirect,hard,ビロード状の質感と白い葉脈が美しい大型の希少種で表土が乾いたらたっぷりと水を与えます。非常に高い湿度を好み乾燥すると葉が傷みやすいため加湿環境での管理が推奨されます。直射日光は葉焼けの原因になるため明るい日陰で管理しましょう。誤食すると口腔内が炎症を起こす恐れがあるためペットのいる家庭では特に注意が必要です。,新規,3,5
anthurium_forgetii,アンスリウム・フォルゲッティ,Anthurium Forgetii,Anthurium forgetii,,コロンビア原産,20〜28℃,65〜80%,6,bright_indirect,hard,丸みを帯びたビロード質の葉に浮かぶ淡い葉脈が特徴の希少種で表土が乾いたらたっぷりと水を与えます。高い湿度を好み乾燥に弱いため加湿を心がけてください。直射日光は葉焼けの原因になるため明るい日陰で管理しましょう。誤食すると口腔内が炎症を起こす恐れがあるためペットのいる家庭では特に注意が必要です。,新規,3,4
anthurium_magnificum,アンスリウム・マグニフィカム,Anthurium Magnificum,Anthurium magnificum,,コロンビア原産,20〜28℃,70〜85%,6,bright_indirect,hard,四角みを帯びた茎とビロード状の大きな葉が特徴の希少種で表土が乾いたらたっぷりと水を与えます。非常に高い湿度を好み乾燥すると葉が傷みやすいため加湿環境での管理が推奨されます。直射日光は葉焼けの原因になるため明るい日陰で管理しましょう。誤食すると口腔内が炎症を起こす恐れがあるためペットのいる家庭では特に注意が必要です。,新規,3,5
anthurium_papillilaminum,アンスリウム・パピリラミナム,Anthurium Papillilaminum,Anthurium papillilaminum,,コロンビア原産,20〜28℃,70〜85%,6,bright_indirect,hard,深緑のビロード葉に浮かぶ鮮やかな葉脈が魅力の希少種で表土が乾いたらたっぷりと水を与えます。非常に高い湿度を好み乾燥すると葉が傷みやすいため加湿環境での管理が推奨されます。直射日光は葉焼けの原因になるため明るい日陰で管理しましょう。誤食すると口腔内が炎症を起こす恐れがあるためペットのいる家庭では特に注意が必要です。,新規,3,5
anthurium_luxurians,アンスリウム・ラグジュリアンス,Anthurium Luxurians,Anthurium luxurians,,コロンビア原産,20〜28℃,70〜85%,6,bright_indirect,hard,凹凸のあるひだ状の質感を持つ大きな葉が特徴の希少種で表土が乾いたらたっぷりと水を与えます。非常に高い湿度を好み乾燥すると葉が傷みやすいため加湿環境での管理が推奨されます。直射日光は葉焼けの原因になるため明るい日陰で管理しましょう。誤食すると口腔内が炎症を起こす恐れがあるためペットのいる家庭では特に注意が必要です。,新規,3,5
anthurium_superbum,アンスリウム・スペルバム,Anthurium Superbum,Anthurium superbum,,エクアドル原産,20〜28℃,65〜80%,6,bright_indirect,hard,硬く波打つ葉が直立するロゼット状に広がる希少種で表土が乾いたらたっぷりと水を与えます。高い湿度を好み乾燥に弱いため加湿を心がけてください。直射日光は葉焼けの原因になるため明るい日陰で管理しましょう。サトイモ科植物で誤食すると口腔内が炎症を起こす恐れがあるためペットのいる家庭では特に注意が必要です。,新規,3,4
anthurium_hookeri,アンスリウム・フッケリー,Anthurium Hookeri,Anthurium hookeri,,中南米原産,18〜28℃,60〜75%,6,bright_indirect,medium,パドルのように幅広くつやのある葉がロゼット状に広がる品種で表土が乾いたらたっぷりと水を与えます。明るい日陰でよく育ちますが直射日光は葉焼けの原因になるため避けてください。比較的丈夫で乾燥にもある程度耐えるため扱いやすい品種です。誤食すると口腔内が炎症を起こす恐れがあるためペットのいる家庭では手の届かない場所に置きましょう。,新規,3,3
anthurium_scherzerianum,アンスリウム・シェルツェリアヌム,Anthurium Scherzerianum,Anthurium scherzerianum,,コスタリカ原産,18〜27℃,55〜70%,6,bright_indirect,easy,渦を巻いた花序と鮮やかな仏炎苞が特徴の花もの品種で表土が乾いたらたっぷりと水を与えます。明るい日陰でよく育ちますが直射日光は葉焼けの原因になるため避けてください。開花期には液肥を薄めて与えると次の花つきが良くなります。誤食すると口腔内が炎症を起こす恐れがあるためペットのいる家庭では手の届かない場所に置きましょう。,新規,3,2
anthurium_vittariifolium,アンスリウム・ヴィッタリーフォリウム,Anthurium Vittariifolium,Anthurium vittariifolium,,エクアドル原産,20〜28℃,65〜80%,6,bright_indirect,hard,リボンのように細長く垂れ下がる独特な葉が特徴の着生種で表土が乾いたらたっぷりと水を与えます。高い湿度を好み乾燥に弱いためハンギングでの管理が向いています。直射日光は葉焼けの原因になるため明るい日陰で管理しましょう。誤食すると口腔内が炎症を起こす恐れがあるためペットのいる家庭では特に注意が必要です。,新規,3,4
anthurium_besseae,アンスリウム・ベッセアエ,Anthurium Besseae,Anthurium besseae,,エクアドル原産,20〜28℃,65〜80%,6,bright_indirect,hard,赤みを帯びた葉裏と艶のある濃緑の葉表のコントラストが美しい希少種で表土が乾いたらたっぷりと水を与えます。高い湿度を好み乾燥に弱いため加湿を心がけてください。直射日光は葉焼けの原因になるため明るい日陰で管理しましょう。誤食すると口腔内が炎症を起こす恐れがあるためペットのいる家庭では特に注意が必要です。,新規,3,4
anthurium_pedatoradiatum,アンスリウム・ペダトラディアタム,Anthurium Pedatoradiatum,Anthurium pedatoradiatum,,メキシコ原産,18〜28℃,60〜75%,6,bright_indirect,medium,手のひら状に深く裂けた個性的な葉形が特徴の品種で表土が乾いたらたっぷりと水を与えます。明るい日陰でよく育ちますが直射日光は葉焼けの原因になるため避けてください。成長すると大きく葉が広がるため鉢の置き場所に余裕を持たせましょう。誤食すると口腔内が炎症を起こす恐れがあるためペットのいる家庭では手の届かない場所に置きましょう。,新規,3,3
epipremnum_pinnatum,エピプレムナム・ピンナツム,Epipremnum Pinnatum,Epipremnum pinnatum,,東南アジア原産,18〜28℃,50〜70%,7,bright_indirect,easy,成熟すると羽状に裂ける大きな葉に育つつる性品種で表土が乾いたらたっぷりと水を与えます。半日陰でも育つ丈夫な性質ですが直射日光は葉焼けの原因になるため避けてください。支柱に這わせると裂け目のある成熟葉が出やすくなります。誤食すると口腔内が炎症を起こす恐れがあるためペットのいる家庭では手の届かない場所に置きましょう。,新規,3,2
epipremnum_cebu_blue,エピプレムナム・セブブルー,Epipremnum Cebu Blue,Epipremnum pinnatum 'Cebu Blue',,フィリピン・セブ島原産,18〜28℃,50〜70%,7,bright_indirect,easy,青みがかった銀灰色の艶やかな葉が特徴の丈夫なつる性品種で表土が乾いたらたっぷりと水を与えます。半日陰でもよく育ちますが直射日光は葉焼けの原因になるため避けてください。支柱に這わせて育てると葉が大きく成熟し切れ込みが入ることがあります。誤食すると口腔内が炎症を起こす恐れがあるためペットのいる家庭では手の届かない場所に置きましょう。,新規,3,1
epipremnum_aureum_neon,エピプレムナム・オーレウム・ネオン,Epipremnum Aureum Neon,Epipremnum aureum 'Neon',,ソロモン諸島原産種の園芸品種,15〜28℃,40〜60%,7,bright_indirect,easy,鮮やかな黄緑色の葉が明るい印象を与える丈夫な品種で表土が乾いたらたっぷりと水を与えます。耐陰性があり室内どこでも育てやすいですが発色を保つには明るい場所が適しています。直射日光は葉焼けの原因になるため避けてください。誤食すると口腔内が炎症を起こす恐れがあるためペットのいる家庭では手の届かない場所に置きましょう。,新規,3,1
epipremnum_aureum_jade,エピプレムナム・オーレウム・ジェイド,Epipremnum Aureum Jade,Epipremnum aureum 'Jade',,ソロモン諸島原産種の園芸品種,15〜28℃,40〜60%,7,bright_indirect,easy,無地の濃緑色の葉が落ち着いた印象を与える丈夫な品種で表土が乾いたらたっぷりと水を与えます。耐陰性が高く室内のさまざまな場所で育てやすい初心者向けの品種です。直射日光は葉焼けの原因になるため避けてください。誤食すると口腔内が炎症を起こす恐れがあるためペットのいる家庭では手の届かない場所に置きましょう。,新規,2,1
epipremnum_aureum_glacier,エピプレムナム・オーレウム・グレイシャー,Epipremnum Aureum Glacier,Epipremnum aureum 'Glacier',,ソロモン諸島原産種の園芸品種,15〜28℃,40〜60%,7,bright_indirect,medium,白と緑の細かい斑が氷のように入る品種で表土が乾いたらたっぷりと水を与えます。斑を保つには明るい光が必要ですが直射日光は葉焼けの原因になるため明るい日陰で管理してください。光量不足だと斑が薄れやすいため置き場所に注意しましょう。誤食すると口腔内が炎症を起こす恐れがあるためペットのいる家庭では手の届かない場所に置きましょう。,新規,3,2
epipremnum_amplissimum,エピプレムナム・アンプリッシムム,Epipremnum Amplissimum,Epipremnum amplissimum,,フィリピン原産,18〜28℃,55〜70%,7,bright_indirect,medium,細長く波打つ独特な葉形を持つ品種で表土が乾いたらたっぷりと水を与えます。明るい日陰でよく育ちますが直射日光は葉焼けの原因になるため避けてください。支柱に這わせると気根を出して安定して成長します。誤食すると口腔内が炎症を起こす恐れがあるためペットのいる家庭では手の届かない場所に置きましょう。,新規,3,3
scindapsus_pictus,スキンダプサス・ピクタス,Scindapsus Pictus,Scindapsus pictus,,東南アジア原産,18〜28℃,50〜70%,7,bright_indirect,easy,銀色の斑点模様が散りばめられたビロード状の葉が特徴のつる性品種で表土が乾いたらたっぷりと水を与えます。半日陰でも育ちますが斑をきれいに保つには明るい場所が適しています。直射日光は葉焼けの原因になるため避けてください。誤食すると口腔内が炎症を起こす恐れがあるためペットのいる家庭では手の届かない場所に置きましょう。,新規,3,2
scindapsus_treubii_moonlight,スキンダプサス・トロイビー・ムーンライト,Scindapsus Treubii Moonlight,Scindapsus treubii 'Moonlight',,東南アジア原産種の園芸品種,18〜28℃,55〜70%,7,bright_indirect,medium,銀灰色に輝く丸みを帯びた葉が特徴の人気品種で表土が乾いたらたっぷりと水を与えます。明るい日陰でよく育ちますが直射日光は葉焼けの原因になるため避けてください。乾燥にも比較的強いですが加湿すると葉の艶が増します。誤食すると口腔内が炎症を起こす恐れがあるためペットのいる家庭では手の届かない場所に置きましょう。,新規,3,3
scindapsus_officinalis,スキンダプサス・オフィキナリス,Scindapsus Officinalis,Scindapsus officinalis,,東南アジア原産,18〜28℃,55〜70%,7,bright_indirect,medium,大きく育つと厚みのある葉が力強く茂る品種で表土が乾いたらたっぷりと水を与えます。明るい日陰でよく育ちますが直射日光は葉焼けの原因になるため避けてください。支柱に這わせると気根を出して安定して成長します。誤食すると口腔内が炎症を起こす恐れがあるためペットのいる家庭では手の届かない場所に置きましょう。,新規,3,3
scindapsus_pictus_jade_satin,スキンダプサス・ピクタス・ジェイドサテン,Scindapsus Pictus Jade Satin,Scindapsus pictus 'Jade Satin',,東南アジア原産種の園芸品種,18〜28℃,50〜70%,7,bright_indirect,easy,絹のような光沢を持つ銀緑色の葉が特徴の丈夫な品種で表土が乾いたらたっぷりと水を与えます。半日陰でも育ちやすく初心者にもおすすめですが直射日光は葉焼けの原因になるため避けてください。ハンギングでも育てやすい品種です。誤食すると口腔内が炎症を起こす恐れがあるためペットのいる家庭では手の届かない場所に置きましょう。,新規,3,2
syngonium_pink_splash,シンゴニウム・ピンクスプラッシュ,Syngonium Pink Splash,Syngonium podophyllum 'Pink Splash',,中南米原産種の園芸品種,18〜28℃,50〜70%,6,bright_indirect,easy,濃緑の葉にピンクの斑が飛び散ったように入る品種で表土が乾いたらたっぷりと水を与えます。斑を保つには明るい光が必要ですが直射日光は葉焼けの原因になるため明るい日陰で管理してください。成長すると矢じり形から羽状に葉形が変化していきます。誤食すると口腔内が炎症を起こす恐れがあるためペットのいる家庭では手の届かない場所に置きましょう。,新規,3,2
syngonium_white_butterfly,シンゴニウム・ホワイトバタフライ,Syngonium White Butterfly,Syngonium podophyllum 'White Butterfly',,中南米原産種の園芸品種,18〜28℃,50〜70%,6,bright_indirect,easy,蝶が羽ばたくような白い斑が入る葉が特徴の丈夫な品種で表土が乾いたらたっぷりと水を与えます。半日陰でも育ちやすいですが斑を保つには明るい場所が適し直射日光は葉焼けの原因になるため避けてください。誤食すると口腔内が炎症を起こす恐れがあるためペットのいる家庭では手の届かない場所に置きましょう。,新規,3,1
syngonium_albo_variegatum,シンゴニウム・アルボバリエガータム,Syngonium Albo Variegatum,Syngonium podophyllum 'Albo-variegatum',,中南米原産種の園芸品種,20〜28℃,55〜70%,6,bright_indirect,hard,白と緑のはっきりとしたコントラストの斑が入る希少品種で表土が乾いたらたっぷりと水を与えます。斑を保つには明るい光が必要ですが直射日光は葉焼けの原因になるため明るい日陰で管理してください。光量不足や強い剪定後に全緑の葉が出やすく早めに切り戻すと斑入りが維持されやすくなります。誤食すると口腔内が炎症を起こす恐れがあるためペットのいる家庭では特に注意が必要です。,新規,3,4
syngonium_neon_robusta,シンゴニウム・ネオンロブスタ,Syngonium Neon Robusta,Syngonium podophyllum 'Neon Robusta',,中南米原産種の園芸品種,18〜28℃,50〜70%,6,bright_indirect,easy,鮮やかなピンクがかった葉色が目を引く丈夫な品種で表土が乾いたらたっぷりと水を与えます。明るい室内でよく育ちますが直射日光は葉焼けの原因になるため避けてください。成長が早くつる状に伸びるため支柱やハンギングでの管理がおすすめです。誤食すると口腔内が炎症を起こす恐れがあるためペットのいる家庭では手の届かない場所に置きましょう。,新規,3,1
syngonium_wendlandii,シンゴニウム・ウェンドランディー,Syngonium Wendlandii,Syngonium wendlandii,,コスタリカ原産,18〜28℃,55〜70%,6,bright_indirect,medium,濃緑の葉に銀白色の中央脈が浮かぶビロード状の質感が特徴の品種で表土が乾いたらたっぷりと水を与えます。明るい日陰でよく育ちますが直射日光は葉焼けの原因になるため避けてください。成長すると葉形が矢じり形から羽状に変化していきます。誤食すると口腔内が炎症を起こす恐れがあるためペットのいる家庭では手の届かない場所に置きましょう。,新規,3,3
syngonium_macrophyllum,シンゴニウム・マクロフィルム,Syngonium Macrophyllum,Syngonium macrophyllum,,中南米原産,18〜28℃,55〜70%,6,bright_indirect,medium,大きく丸みを帯びた葉が特徴の品種で表土が乾いたらたっぷりと水を与えます。明るい日陰でよく育ちますが直射日光は葉焼けの原因になるため避けてください。成長すると葉が大きく力強く茂ります。誤食すると口腔内が炎症を起こす恐れがあるためペットのいる家庭では手の届かない場所に置きましょう。,新規,3,3
syngonium_erythrophyllum,シンゴニウム・エリスロフィルム,Syngonium Erythrophyllum,Syngonium erythrophyllum,,パナマ原産,20〜28℃,60〜75%,6,bright_indirect,hard,葉裏が赤みを帯びる細長い矢じり形の葉が特徴の希少種で表土が乾いたらたっぷりと水を与えます。高い湿度を好み乾燥に弱いため加湿を心がけてください。直射日光は葉焼けの原因になるため明るい日陰で管理しましょう。誤食すると口腔内が炎症を起こす恐れがあるためペットのいる家庭では特に注意が必要です。,新規,3,4
syngonium_confetti,シンゴニウム・コンフェッティ,Syngonium Confetti,Syngonium podophyllum 'Confetti',,中南米原産種の園芸品種,18〜28℃,50〜70%,6,bright_indirect,medium,クリーム色と緑の紙吹雪のような斑点模様が入る品種で表土が乾いたらたっぷりと水を与えます。斑を保つには明るい光が必要ですが直射日光は葉焼けの原因になるため明るい日陰で管理してください。光量不足だと斑が薄れやすいため置き場所に注意しましょう。誤食すると口腔内が炎症を起こす恐れがあるためペットのいる家庭では手の届かない場所に置きましょう。,新規,3,3
aglaonema_pictum_tricolor,アグラオネマ・ピクタムトリカラー,Aglaonema Pictum Tricolor,Aglaonema pictum 'Tricolor',,インドネシア原産,20〜28℃,55〜70%,7,bright_indirect,hard,迷彩柄のような不規則な斑模様が入る希少種で表土が乾いたらたっぷりと水を与えます。強い光に弱く葉焼けしやすいため明るい日陰で管理し、寒さにも弱いため冬場は特に温度管理に注意してください。個体差で斑の入り方が大きく異なるのも魅力の一つです。サトイモ科植物で誤食すると口腔内が炎症を起こす恐れがあるためペットのいる家庭では特に注意が必要です。,新規,2,5
aglaonema_red_valentine,アグラオネマ・レッドバレンタイン,Aglaonema Red Valentine,Aglaonema 'Red Valentine',,東南アジア原産種の交配園芸品種,18〜28℃,50〜65%,7,bright_indirect,easy,赤みを帯びたピンク色の葉がバレンタインを思わせる丈夫な品種で表土が乾いたらたっぷりと水を与えます。耐陰性があり室内でも育てやすいですが発色を保つには明るい場所が適しています。直射日光は葉焼けの原因になるため避けてください。誤食すると口腔内が炎症を起こす恐れがあるためペットのいる家庭では手の届かない場所に置きましょう。,新規,3,1
aglaonema_silver_bay,アグラオネマ・シルバーベイ,Aglaonema Silver Bay,Aglaonema 'Silver Bay',,東南アジア原産種の交配園芸品種,18〜28℃,50〜65%,7,bright_indirect,easy,銀灰色の光沢がある葉が涼しげな印象を与える丈夫な品種で表土が乾いたらたっぷりと水を与えます。耐陰性が高く室内のさまざまな場所で育てやすい初心者向けの品種です。直射日光は葉焼けの原因になるため避けてください。誤食すると口腔内が炎症を起こす恐れがあるためペットのいる家庭では手の届かない場所に置きましょう。,新規,2,1
aglaonema_snow_white,アグラオネマ・スノーホワイト,Aglaonema Snow White,Aglaonema 'Snow White',,東南アジア原産種の交配園芸品種,18〜28℃,50〜65%,7,bright_indirect,easy,白い斑が雪のように広がる葉が明るい印象を与える品種で表土が乾いたらたっぷりと水を与えます。斑を保つには明るい光が適していますが直射日光は葉焼けの原因になるため避けてください。耐陰性もあり比較的育てやすい品種です。誤食すると口腔内が炎症を起こす恐れがあるためペットのいる家庭では手の届かない場所に置きましょう。,新規,3,2
aglaonema_white_rajah,アグラオネマ・ホワイトラジャ,Aglaonema White Rajah,Aglaonema 'White Rajah',,東南アジア原産種の交配園芸品種,18〜28℃,55〜70%,7,bright_indirect,medium,クリーム色の大胆な斑が入る大きめの葉が特徴の品種で表土が乾いたらたっぷりと水を与えます。斑を保つには明るい光が必要ですが直射日光は葉焼けの原因になるため明るい日陰で管理してください。光量不足だと斑が薄れやすいため置き場所に注意しましょう。誤食すると口腔内が炎症を起こす恐れがあるためペットのいる家庭では手の届かない場所に置きましょう。,新規,3,3
aglaonema_lady_valentine,アグラオネマ・レディバレンタイン,Aglaonema Lady Valentine,Aglaonema 'Lady Valentine',,東南アジア原産種の交配園芸品種,18〜28℃,50〜65%,7,bright_indirect,easy,ピンクと緑が入り混じる華やかな葉色が特徴の丈夫な品種で表土が乾いたらたっぷりと水を与えます。耐陰性があり室内でも育てやすいですが発色を保つには明るい場所が適しています。直射日光は葉焼けの原因になるため避けてください。誤食すると口腔内が炎症を起こす恐れがあるためペットのいる家庭では手の届かない場所に置きましょう。,新規,3,1
aglaonema_pink_dalmatian,アグラオネマ・ピンクダルメシアン,Aglaonema Pink Dalmatian,Aglaonema 'Pink Dalmatian',,東南アジア原産種の交配園芸品種,18〜28℃,50〜65%,7,bright_indirect,easy,ダルメシアンの模様のようにピンクの斑点が散らばる葉が特徴の品種で表土が乾いたらたっぷりと水を与えます。耐陰性があり室内でも育てやすいですが発色を保つには明るい場所が適しています。直射日光は葉焼けの原因になるため避けてください。誤食すると口腔内が炎症を起こす恐れがあるためペットのいる家庭では手の届かない場所に置きましょう。,新規,3,2
spathiphyllum_domino,スパティフィラム・ドミノ,Spathiphyllum Domino,Spathiphyllum 'Domino',,中南米原産種の交配園芸品種,18〜28℃,50〜65%,5,low_light,easy,白い斑点模様が入る葉が特徴の丈夫な品種で表土が乾いたらたっぷりと水を与え、水切れすると葉が垂れますが水を与えるとすぐに回復します。耐陰性が高く室内のさまざまな場所で育てやすい初心者向けの品種です。誤食すると口腔内が炎症を起こす恐れがあるためペットのいる家庭では手の届かない場所に置きましょう。,新規,2,1
spathiphyllum_sensation,スパティフィラム・センセーション,Spathiphyllum Sensation,Spathiphyllum 'Sensation',,中南米原産種の交配園芸品種,18〜28℃,50〜70%,5,low_light,easy,大型に育ち幅広い葉と大きな白い仏炎苞が見応えのある品種で表土が乾いたらたっぷりと水を与えます。耐陰性が高く室内でも育てやすいですが大きく育つため広めのスペースを確保してください。水切れすると葉が垂れますが水を与えるとすぐに回復します。誤食すると口腔内が炎症を起こす恐れがあるためペットのいる家庭では手の届かない場所に置きましょう。,新規,2,2
spathiphyllum_mauna_loa,スパティフィラム・マウナロア,Spathiphyllum Mauna Loa,Spathiphyllum 'Mauna Loa',,中南米原産種の交配園芸品種,18〜28℃,50〜65%,5,low_light,easy,白い仏炎苞と艶のある濃緑の葉のコントラストが美しい定番品種で表土が乾いたらたっぷりと水を与えます。耐陰性が高く室内のさまざまな場所で育てやすい初心者向けの品種です。水切れすると葉が垂れますが水を与えるとすぐに回復します。誤食すると口腔内が炎症を起こす恐れがあるためペットのいる家庭では手の届かない場所に置きましょう。,新規,2,1
zamioculcas_raven,ザミオクルカス・レイヴン,Zamioculcas Raven,Zamioculcas zamiifolia 'Raven',,東アフリカ原産種の園芸品種,18〜28℃,40〜60%,10,low_light,easy,新葉が緑から徐々に黒に近い深紫色へ変化する個性的な品種で、乾燥に強いため土が完全に乾いてから水を与えます。過湿による根腐れが最も多い失敗例で水の与えすぎに注意してください。耐陰性が高く室内のさまざまな場所で育てやすい品種です。地下に肥大した茎を持ち誤食すると口腔内が炎症を起こす恐れがあるためペットのいる家庭では注意しましょう。,新規,2,1
zamioculcas_zenzi,ザミオクルカス・ゼンジー,Zamioculcas Zenzi,Zamioculcas zamiifolia 'Zenzi',,東アフリカ原産種の園芸品種,18〜28℃,40〜60%,10,low_light,easy,葉が詰まって波打つコンパクトな草姿が特徴の品種で、乾燥に強いため土が完全に乾いてから水を与えます。過湿による根腐れが最も多い失敗例で水の与えすぎに注意してください。耐陰性が高く小さめの鉢でも育てやすい品種です。地下に肥大した茎を持ち誤食すると口腔内が炎症を起こす恐れがあるためペットのいる家庭では注意しましょう。,新規,2,1
rhaphidophora_decursiva,ラフィドフォラ・デクルシヴァ,Rhaphidophora Decursiva,Rhaphidophora decursiva,,東南アジア原産,18〜28℃,55〜70%,7,bright_indirect,medium,成熟すると羽状に大きく裂ける葉が力強く茂るつる性品種で表土が乾いたらたっぷりと水を与えます。明るい日陰でよく育ちますが直射日光は葉焼けの原因になるため避けてください。支柱に這わせると気根を出して安定して成長します。誤食すると口腔内が炎症を起こす恐れがあるためペットのいる家庭では手の届かない場所に置きましょう。,新規,3,2
rhaphidophora_korthalsii,ラフィドフォラ・コルタルシー,Rhaphidophora Korthalsii,Rhaphidophora korthalsii,,東南アジア原産,18〜28℃,55〜70%,7,bright_indirect,medium,幼葉は無地で成熟すると穴が開く独特の変化を見せるつる性品種で表土が乾いたらたっぷりと水を与えます。明るい日陰でよく育ちますが直射日光は葉焼けの原因になるため避けてください。支柱に這わせて育てると成熟葉に穴が入りやすくなります。誤食すると口腔内が炎症を起こす恐れがあるためペットのいる家庭では手の届かない場所に置きましょう。,新規,3,3
rhaphidophora_cryptantha,ラフィドフォラ・クリプタンサ,Rhaphidophora Cryptantha,Rhaphidophora cryptantha,,東南アジア原産,18〜28℃,55〜70%,7,bright_indirect,medium,竹の節のような茎に細長い葉が並ぶ個性的な着生種で表土が乾いたらたっぷりと水を与えます。明るい日陰でよく育ちますが直射日光は葉焼けの原因になるため避けてください。支柱に這わせると気根を出して安定して成長します。誤食すると口腔内が炎症を起こす恐れがあるためペットのいる家庭では手の届かない場所に置きましょう。,新規,3,3
colocasia_esculenta,コロカシア・エスクレンタ,Colocasia Esculenta,Colocasia esculenta,サトイモ,熱帯アジア原産,18〜30℃,55〜75%,5,bright_indirect,easy,里芋の原種としても知られる大きなハート形の葉が特徴で土の表面が乾いたらたっぷりと水を与えます。高温多湿を好み比較的丈夫ですが直射日光は葉焼けの原因になるため明るい日陰で管理してください。夏場は特に水を好むため乾燥させすぎないよう注意しましょう。アロカシア属と同様に樹液の刺激が強く誤食すると重い炎症を起こす恐れがあるためペットのいる家庭では特に注意が必要です。,新規,3,2
colocasia_black_magic,コロカシア・ブラックマジック,Colocasia Black Magic,Colocasia esculenta 'Black Magic',,熱帯アジア原産種の園芸品種,18〜28℃,55〜75%,5,bright_indirect,medium,黒紫色の大きな葉が力強い存在感を放つ品種で土の表面が乾いたらたっぷりと水を与えます。高温多湿を好み直射日光では葉焼けしやすいため明るい日陰で管理してください。夏場は特に水を好むため乾燥させすぎないよう注意しましょう。誤食すると口腔内が炎症を起こす恐れがあるためペットのいる家庭では特に注意が必要です。,新規,3,3
colocasia_mojito,コロカシア・モヒート,Colocasia Mojito,Colocasia esculenta 'Mojito',,熱帯アジア原産種の園芸品種,18〜28℃,55〜75%,5,bright_indirect,medium,緑の葉に黒い斑点が飛び散ったように入るカクテルを思わせる品種で土の表面が乾いたらたっぷりと水を与えます。高温多湿を好み直射日光では葉焼けしやすいため明るい日陰で管理してください。夏場は特に水を好むため乾燥させすぎないよう注意しましょう。誤食すると口腔内が炎症を起こす恐れがあるためペットのいる家庭では特に注意が必要です。,新規,3,3
caladium_bicolor,カラジウム・ビカラー,Caladium Bicolor,Caladium bicolor,,ブラジル原産,20〜28℃,55〜70%,5,bright_indirect,medium,赤や白のカラフルな模様が入るハート形の薄い葉が特徴の球根植物で土の表面が乾いたらたっぷりと水を与えます。高温多湿の夏に生育し冬は休眠して地上部が枯れるため休眠期は水やりを控えます。直射日光は葉焼けの原因になるため明るい日陰で管理しましょう。誤食すると口腔内が炎症を起こす恐れがあるためペットのいる家庭では手の届かない場所に置きましょう。,新規,3,3
caladium_white_queen,カラジウム・ホワイトクイーン,Caladium White Queen,Caladium 'White Queen',,中南米原産種の園芸品種,20〜28℃,55〜70%,5,bright_indirect,medium,白地に赤い葉脈が浮かぶ華やかな葉が特徴の球根植物で土の表面が乾いたらたっぷりと水を与えます。高温多湿の夏に生育し冬は休眠して地上部が枯れるため休眠期は水やりを控えます。直射日光は葉焼けの原因になるため明るい日陰で管理しましょう。誤食すると口腔内が炎症を起こす恐れがあるためペットのいる家庭では手の届かない場所に置きましょう。,新規,3,3
caladium_red_flash,カラジウム・レッドフラッシュ,Caladium Red Flash,Caladium 'Red Flash',,中南米原産種の園芸品種,20〜28℃,55〜70%,5,bright_indirect,medium,ピンクの斑点が飛び散ったように入る大きな葉が特徴の球根植物で土の表面が乾いたらたっぷりと水を与えます。高温多湿の夏に生育し冬は休眠して地上部が枯れるため休眠期は水やりを控えます。直射日光は葉焼けの原因になるため明るい日陰で管理しましょう。誤食すると口腔内が炎症を起こす恐れがあるためペットのいる家庭では手の届かない場所に置きましょう。,新規,3,3
dieffenbachia_seguine,ディフェンバキア・セグイネ,Dieffenbachia Seguine,Dieffenbachia seguine,,中南米原産,18〜28℃,50〜65%,6,bright_indirect,easy,クリーム色の斑模様が入る大きな葉が特徴の丈夫な品種で表土が乾いたらたっぷりと水を与えます。耐陰性があり室内でも育てやすいですが直射日光は葉焼けの原因になるため避けてください。成長が早く大きく育つため広めのスペースを確保しましょう。誤食すると口や喉に強い刺激と腫れを起こす恐れがあるためペットや小さなお子様のいる家庭では特に注意が必要です。,新規,3,2
dieffenbachia_camilla,ディフェンバキア・カミラ,Dieffenbachia Camilla,Dieffenbachia 'Camilla',,中南米原産種の交配園芸品種,18〜28℃,50〜65%,6,bright_indirect,easy,葉の中央にクリーム色が広がり縁だけ緑を残す個性的な品種で表土が乾いたらたっぷりと水を与えます。耐陰性があり室内でも育てやすいですが直射日光は葉焼けの原因になるため避けてください。斑の白い部分が広いため光合成能力に注意し極端な低光量は避けましょう。誤食すると口や喉に強い刺激と腫れを起こす恐れがあるためペットや小さなお子様のいる家庭では特に注意が必要です。,新規,3,2
dieffenbachia_tropic_snow,ディフェンバキア・トロピックスノー,Dieffenbachia Tropic Snow,Dieffenbachia 'Tropic Snow',,中南米原産種の交配園芸品種,18〜28℃,50〜65%,6,bright_indirect,easy,雪が積もったような白緑の斑模様が入る大型の品種で表土が乾いたらたっぷりと水を与えます。耐陰性があり室内でも育てやすいですが直射日光は葉焼けの原因になるため避けてください。成長が早く大きく育つため広めのスペースを確保しましょう。誤食すると口や喉に強い刺激と腫れを起こす恐れがあるためペットや小さなお子様のいる家庭では特に注意が必要です。,新規,3,2
homalomena_rubescens,ホマロメナ・ルベスケンス,Homalomena Rubescens,Homalomena rubescens,,東南アジア原産,20〜28℃,55〜70%,6,bright_indirect,medium,ハート形でツヤのある濃緑の葉と赤みを帯びた葉柄が特徴の品種で表土が乾いたらたっぷりと水を与えます。明るい日陰でよく育ちますが直射日光は葉焼けの原因になるため避けてください。高温多湿を好むため冬場の温度低下と乾燥に注意しましょう。誤食すると口腔内が炎症を起こす恐れがあるためペットのいる家庭では手の届かない場所に置きましょう。,新規,3,3
xanthosoma_sagittifolium,キサントソーマ・サギッティフォリウム,Xanthosoma Sagittifolium,Xanthosoma sagittifolium,,中南米原産,18〜30℃,55〜75%,5,bright_indirect,medium,矢じり形の非常に大きな葉が豪快に茂る品種で土の表面が乾いたらたっぷりと水を与えます。高温多湿を好み直射日光では葉焼けしやすいため明るい日陰で管理してください。大きく育つため鉢の置き場所に余裕を持たせましょう。誤食すると口腔内が炎症を起こす恐れがあるためペットのいる家庭では手の届かない場所に置きましょう。,新規,3,3
amydrium_medium,アミドリウム・メディウム,Amydrium Medium,Amydrium medium,,東南アジア原産,20〜28℃,60〜75%,6,bright_indirect,hard,成熟すると切れ込みの入る細長い葉を持つ着生植物で表土が乾いたらたっぷりと水を与えます。高い湿度を好み乾燥に弱いため加湿を心がけてください。直射日光は葉焼けの原因になるため明るい日陰で管理し、支柱に這わせると気根が絡みつき安定して成長します。誤食すると口腔内が炎症を起こす恐れがあるためペットのいる家庭では手の届かない場所に置きましょう。,新規,3,4
agave_americana,アガベ・アメリカーナ,Century Plant,Agave americana,,メキシコ,5〜35℃,20〜40%,14,bright_direct,easy,根が細く水の与えすぎに弱いため土が完全に乾いてから水を与える乾燥気味の管理が基本です。強い直射日光を好み屋外の日当たりの良い場所でよく育ちますが日照不足だと葉が間延びしやすくなります。非常に大型に育つため地植えや大鉢での管理が向いています。葉先の鋭いトゲは小型ペットや子どもに危険なため置き場所に注意してください。,新規,5,2
agave_parryi,アガベ・パリー,Parry's Agave,Agave parryi,,メキシコ・アメリカ南西部,-10〜35℃,20〜40%,14,bright_direct,easy,耐寒性が高く屋外で通年管理しやすいアガベで土が完全に乾いてから水を与えます。強い直射日光を好み日照不足だと葉のロゼットが崩れやすくなります。丈夫で育てやすく初心者のアガベ入門にも向いています。葉先の鋭いトゲは小型ペットや子どもに危険なため置き場所に注意してください。,新規,5,2
agave_victoriae_reginae,アガベ・ビクトリアレギネ,Queen Victoria Agave,Agave victoriae-reginae,,メキシコ,5〜35℃,20〜40%,16,bright_direct,medium,成長が非常に遅く根も細いため水の与えすぎに弱く土が完全に乾いてから数日後に水を与えます。強い直射日光を好み白い模様のコントラストを保つには十分な光が必要です。成長が遅い分過湿による根腐れの影響が大きいため水の量には特に注意してください。葉先の鋭いトゲは小型ペットや子どもに危険なため置き場所に注意してください。,新規,5,3
agave_ferdinandi_regis,アガベ・フェルディナンドレギス,King Ferdinand Agave,Agave nickelsiae,Agave ferdinandi-regis,メキシコ,10〜35℃,20〜40%,16,bright_direct,hard,白い模様の入る三角形の葉がロゼット状に密集する希少種で土が完全に乾いてから数日後に水を与えます。強い直射日光を好み光量不足だと葉が間延びして模様が崩れやすくなります。成長が非常に遅く寒さにもやや弱いため冬の温度管理に注意しましょう。葉先の鋭いトゲは小型ペットや子どもに危険なため置き場所に注意してください。,新規,5,4
agave_filifera,アガベ・フィリフェラ,Thread-leaf Agave,Agave filifera,,メキシコ,5〜35℃,20〜40%,14,bright_direct,easy,葉の縁から白い糸状の繊維が垂れる個性的な姿が特徴で土が完全に乾いてから水を与えます。強い直射日光でよく育ち日照不足だと葉が間延びしやすくなります。比較的コンパクトに育つため鉢植えでも扱いやすい品種です。葉先の鋭いトゲは小型ペットや子どもに危険なため置き場所に注意してください。,新規,5,2
agave_geminiflora,アガベ・ゲミニフローラ,Twin-flowered Agave,Agave geminiflora,,メキシコ,10〜35℃,25〜45%,14,bright_direct,medium,細く柔らかい葉が球状に密集する優美な姿が特徴で土が完全に乾いてから水を与えます。強い直射日光を好みますが他のアガベよりやや葉が柔らかいため真夏の強光線には注意してください。日照不足だと葉のまとまりが崩れやすくなります。誤食による刺激は少ないとされますがペットのいる家庭では念のため注意しましょう。,新規,4,3
agave_utahensis,アガベ・ウタヘンシス,Utah Agave,Agave utahensis,,アメリカ南西部,-15〜35℃,20〜35%,16,bright_direct,hard,非常に高い耐寒性を持つ小型アガベで土が完全に乾いてから数日後に水を与える乾燥気味の管理が基本です。強い直射日光と風通しの良い環境を好み、多湿の日本の夏には蒸れやすいため水はけの良い用土が欠かせません。成長が遅く小さな鉢でも長く楽しめます。葉先の鋭いトゲは小型ペットや子どもに危険なため置き場所に注意してください。,新規,5,4
agave_kerchovei,アガベ・ケルコベイ,Kerchove's Agave,Agave kerchovei,,メキシコ,10〜35℃,20〜40%,14,bright_direct,medium,幅広い葉が力強くロゼット状に広がる中型のアガベで土が完全に乾いてから水を与えます。強い直射日光を好み日照不足だと葉の色艶が悪くなりやすい傾向があります。成長すると存在感のある株になるため鉢の置き場所に余裕を持たせましょう。葉先の鋭いトゲは小型ペットや子どもに危険なため置き場所に注意してください。,新規,5,3
pachypodium_inopinatum,パキポディウム・イノピナツム,Pachypodium inopinatum,Pachypodium inopinatum,,マダガスカル,15〜30℃,30〜50%,12,bright_direct,hard,塊茎が地表近くで扁平に育つ希少なパキポディウムで生育期は土が乾いてからたっぷり水を与え、落葉する冬は完全に断水します。屋外や窓際など強い日差しが当たる場所を好み日照不足だと徒長しやすくなります。成長が遅く流通量も少ない希少種のため、根腐れさせないよう水の管理には特に注意してください。全草に毒性のある乳液を含むためペットや子どもが誤って口にしないよう注意しましょう。,新規,5,5
pachypodium_horombense,パキポディウム・ホロンベンセ,Pachypodium horombense,Pachypodium horombense,,マダガスカル,15〜30℃,30〜50%,12,bright_direct,hard,黄色い花を咲かせる丸みを帯びた塊茎が魅力の品種で生育期は土が乾いてからたっぷり水を与え、冬は断水気味に管理します。強い日差しを好み日照不足だと徒長して間延びした姿になります。多湿に弱いため水はけの良い用土を使うことが重要です。全草に毒性のある乳液を含むためペットや子どもが誤って口にしないよう注意しましょう。,新規,5,4
pachypodium_windsorii,パキポディウム・ウィンゾリー,Pachypodium windsorii,Pachypodium windsorii,,マダガスカル,15〜30℃,30〜50%,12,bright_direct,hard,細長く伸びる塊茎とうねるような枝ぶりが個性的な希少種で生育期は土が乾いてからたっぷり水を与え、冬は断水気味に管理します。強い日差しを好み日照不足だと本来の樹形が乱れやすくなります。成長が遅く流通量も少ないため、じっくり時間をかけて育てる心構えが必要です。全草に毒性のある乳液を含むためペットや子どもが誤って口にしないよう注意しましょう。,新規,5,5
adenium_arabicum,アデニウム・アラビカム,Adenium arabicum,Adenium arabicum,,アラビア半島,15〜32℃,25〜45%,10,bright_direct,medium,ずんぐりとした塊根が育ちやすいアデニウムの代表種で生育期は土が乾いたらたっぷり水を与え、落葉する冬は断水気味に管理します。強い直射日光を好み日照不足だと花付きが悪くなります。夏の生育期に肥料を与えると塊根が太りやすくなります。全草に毒性があり誤食すると重い中毒症状を起こす恐れがあるためペットや子どものいる家庭では特に注意が必要です。,新規,5,3
adenium_somalense,アデニウム・ソマレンセ,Adenium somalense,Adenium somalense,,ソマリア・ケニア,15〜32℃,25〜45%,10,bright_direct,medium,細長く伸びる枝と塊根のコントラストが特徴的な品種で生育期は土が乾いたらたっぷり水を与え、冬は断水気味に管理します。強い直射日光を好み日照不足だと徒長しやすくなります。挿し木でも塊根が育つため増やして楽しむこともできます。全草に毒性があり誤食すると重い中毒症状を起こす恐れがあるためペットや子どものいる家庭では特に注意が必要です。,新規,5,3
euphorbia_flanaganii,ユーフォルビア・フラナガニー,Medusa's Head,Euphorbia flanaganii,,南アフリカ,10〜30℃,30〜50%,12,bright_direct,medium,中心の塊茎から蛇のような枝が放射状に伸びるメデューサの頭を思わせる姿が特徴で、生育期は土が乾いてからたっぷり水を与え冬は控えめにします。強い直射日光を好み日照不足だと枝が間延びしやすくなります。切り口から出る白い乳液は皮膚刺激があるため素手で触れないよう注意してください。誤食すると強い炎症を起こす恐れがあるためペットや子どものいる家庭では特に注意が必要です。,新規,4,4
euphorbia_esculenta,ユーフォルビア・エスクレンタ,Euphorbia esculenta,Euphorbia esculenta,,南アフリカ,10〜30℃,30〜50%,12,bright_direct,hard,地表近くで枝分かれする塊茎から細い突起状の枝が伸びる希少種で生育期は土が乾いてからたっぷり水を与え冬は断水気味にします。強い直射日光を好み日照不足だと徒長しやすくなります。多湿に非常に弱いため水はけの良い用土での管理が欠かせません。切り口から出る白い乳液は皮膚刺激があり誤食すると強い炎症を起こす恐れがあるためペットや子どものいる家庭では特に注意が必要です。,新規,4,5
euphorbia_pseudoglobosa,ユーフォルビア・プセウドグロボサ,Euphorbia pseudoglobosa,Euphorbia pseudoglobosa,,南アフリカ,10〜30℃,30〜50%,12,bright_direct,medium,球状の塊茎が群生するように増えていく品種で生育期は土が乾いてからたっぷり水を与え冬は控えめにします。強い直射日光を好み日照不足だと徒長しやすくなります。子株がよく出るため株分けで増やして楽しむこともできます。切り口から出る白い乳液は皮膚刺激があり誤食すると強い炎症を起こす恐れがあるためペットや子どものいる家庭では特に注意が必要です。,新規,4,3
tylecodon_paniculatus,ティレコドン・パニクラツス,Butter Tree,Tylecodon paniculatus,,南アフリカ,10〜28℃,25〜45%,12,bright_direct,hard,紙のように薄く剥がれる樹皮と丸みを帯びた塊茎が特徴のコーデックスで、冬型のため夏は完全に断水し秋から春の生育期に土が乾いたら水を与えます。強い直射日光を好み日照不足だと枝が間延びします。生育リズムが一般的な多肉植物と逆なので水やりの時期を間違えないよう注意が必要です。全草に強い毒性があり誤食すると重い中毒症状を起こす恐れがあるためペットや子どものいる家庭では特に注意が必要です。,新規,5,5
ipomoea_platensis,イポメア・プラテンシス,Ipomoea platensis,Ipomoea platensis,,南米,15〜30℃,30〜50%,10,bright_direct,easy,地表に露出した扁平な塊根からアサガオに似たつるが伸びる品種で生育期は土が乾いたらたっぷり水を与え、冬は葉が落ちたら断水気味にします。強い日差しを好み日照不足だとつるが間延びしやすくなります。成長が早く塊根も肥大しやすいため実生からでも育てやすい品種です。誤食は避け、ペットのいる家庭では手の届かない場所に置きましょう。,新規,4,2
sinningia_leucotricha,シニンギア・レウコトリカ,Brazilian Edelweiss,Sinningia leucotricha,,ブラジル,15〜28℃,35〜55%,10,bright_indirect,medium,銀白色の産毛に覆われた塊茎とオレンジ色の花のコントラストが美しい品種で生育期は土が乾いたら水を与え、落葉する冬は断水気味に管理します。明るい日陰から半日陰を好み強すぎる直射日光は産毛の焼けの原因になります。休眠期に葉が落ちても塊茎が生きていれば春に新芽が出るので焦らず見守りましょう。誤食は避け、ペットのいる家庭では手の届かない場所に置きましょう。,新規,3,3
brachychiton_rupestris,ブラキキトン・ルペストリス,Queensland Bottle Tree,Brachychiton rupestris,,オーストラリア,10〜32℃,30〜50%,12,bright_direct,easy,徳利のように膨らんだ幹が特徴の丈夫なコーデックスで生育期は土が乾いたらたっぷり水を与え、冬は控えめにします。強い直射日光でよく育ち多少の乾燥にも耐えるため初心者にも扱いやすい品種です。成長すると幹が大きく膨らみ存在感のある株になります。誤食は避け、ペットのいる家庭では手の届かない場所に置きましょう。,新規,5,2
fockea_crispa,フォッケア・クリスパ,Fockea crispa,Fockea crispa,,南アフリカ,15〜30℃,30〜50%,12,bright_indirect,medium,波打つ縮れた葉と丸みを帯びた塊根が特徴のつる性コーデックスで生育期は土が乾いたら水を与え、冬は控えめにします。明るい日陰から半日陰でよく育ち、支柱に這わせるとつるが安定して伸びます。成長が遅く長寿な植物としても知られています。誤食は避け、ペットのいる家庭では手の届かない場所に置きましょう。,新規,3,3
adansonia_rubrostipa,アダンソニア・ルブロスティパ,Fony Baobab,Adansonia rubrostipa,,マダガスカル,15〜32℃,30〜50%,12,bright_direct,hard,他のバオバブより小型で成長が早いとされる品種で生育期は土が乾いたらたっぷり水を与え、落葉する冬は断水気味に管理します。強い直射日光を好み日照不足だと徒長しやすくなります。実生からでも比較的短期間で塊根らしい姿に育つのが魅力です。誤食は避け、ペットのいる家庭では手の届かない場所に置きましょう。,新規,5,4
cyphostemma_bainesii,キフォステンマ・バイネシー,Cyphostemma bainesii,Cyphostemma bainesii,,ナミビア・アンゴラ,15〜30℃,25〜45%,12,bright_direct,hard,黄色みを帯びた樹皮と太い塊根が特徴的なコーデックスで生育期は土が乾いたらたっぷり水を与え、落葉する冬は断水気味に管理します。強い直射日光を好み日照不足だと枝が間延びしやすくなります。成長が遅く寒さにも弱いため冬場の温度管理には特に注意してください。誤食は避け、ペットのいる家庭では手の届かない場所に置きましょう。,新規,5,4
raphionacme_flanaganii,ラフィオナクメ・フラナガニー,Raphionacme flanaganii,Raphionacme flanaganii,,南アフリカ,15〜28℃,30〜50%,12,bright_indirect,hard,地表に半分顔を出す丸い塊根から細いつるが伸びる希少なコーデックスで生育期は土が乾いたら水を与え、冬は断水気味に管理します。明るい日陰から半日陰を好み強すぎる直射日光は塊根の焼けの原因になります。流通量が少なく成長も遅いため気長に育てる植物です。誤食は避け、ペットのいる家庭では手の届かない場所に置きましょう。,新規,3,4
platycerium_veitchii,ビカクシダ・ビーチー,Silver Staghorn Fern,Platycerium veitchii,,オーストラリア,15〜30℃,45〜65%,7,bright_indirect,medium,銀白色の産毛に覆われた葉が特徴で他のビカクシダより乾燥や直射日光に強い品種です。生育期は貯水葉が乾いたらたっぷり水を与え、冬はやや乾燥気味に管理します。風通しの良い明るい場所を好み蒸れによる黒ずみに注意してください。着生植物のため一般的な毒性情報は明確でなく、犬や猫の誤食は避けるようにする。,新規,4,3
platycerium_willinckii,ビカクシダ・ウィリンキー,Platycerium willinckii,Platycerium willinckii,,インドネシア,15〜28℃,55〜75%,6,bright_indirect,medium,深く裂けた胞子葉が大きく垂れ下がる迫力のある品種で貯水葉の内側に水が溜まるよう生育期はたっぷり水を与えます。明るい半日陰で風通しの良い環境を好み、強い直射日光は葉焼けの原因になります。乾燥に比較的強い品種ですが極端な乾燥は避けましょう。着生植物のため一般的な毒性情報は明確でなく、犬や猫の誤食は避けるようにする。,新規,3,3
platycerium_elephantotis,ビカクシダ・エレファントティス,Elephant Ear Staghorn,Platycerium elephantotis,,アフリカ中西部,18〜30℃,60〜80%,6,bright_indirect,hard,象の耳のように丸く大きな胞子葉が特徴の品種で高温多湿を好み生育期はたっぷり水を与えます。他のビカクシダより寒さに弱いため冬は特に温度管理に注意してください。明るい半日陰で風通しの良い環境が適しています。着生植物のため一般的な毒性情報は明確でなく、犬や猫の誤食は避けるようにする。,新規,3,4
platycerium_grande,ビカクシダ・グランデ,Platycerium grande,Platycerium grande,,フィリピン,18〜30℃,60〜80%,6,bright_indirect,hard,非常に大型に育つ胞子葉が魅力の品種で高温多湿を好み生育期はたっぷり水を与えます。明るい半日陰で風通しの良い環境を好み、大きく育つため十分なスペースを確保する必要があります。寒さに弱いため冬は室内で温度管理をしましょう。着生植物のため一般的な毒性情報は明確でなく、犬や猫の誤食は避けるようにする。,新規,3,4
platycerium_wandae,ビカクシダ・ワンダエ,Queen Staghorn Fern,Platycerium wandae,,インドネシア,18〜30℃,60〜80%,6,bright_indirect,hard,ビカクシダの女王と呼ばれる非常に大きく育つ品種で高温多湿を好み生育期はたっぷり水を与えます。明るい半日陰で風通しの良い環境を好み、大きく育つため十分なスペースと頑丈な吊り下げ設備が必要です。着生植物のため一般的な毒性情報は明確でなく、犬や猫の誤食は避けるようにする。,新規,3,5
platycerium_ridleyi,ビカクシダ・リドレイ,Platycerium ridleyi,Platycerium ridleyi,,東南アジア,20〜30℃,70〜85%,6,bright_indirect,hard,深く波打つように裂ける個性的な胞子葉が特徴の希少種で非常に高い湿度を好み乾燥に弱いため加湿環境での管理が推奨されます。明るい半日陰で強い直射日光は葉焼けの原因になります。成長がゆっくりで温度と湿度の変化に敏感なため環境を安定させることが重要です。着生植物のため一般的な毒性情報は明確でなく、犬や猫の誤食は避けるようにする。,新規,3,5
platycerium_hillii,ビカクシダ・ヒリー,Platycerium hillii,Platycerium hillii,,オーストラリア・ニューギニア,15〜30℃,50〜70%,7,bright_indirect,easy,ビフルカツムに似るが胞子葉の分岐が少なくコンパクトにまとまる丈夫な品種で貯水葉が乾いたらたっぷり水を与えます。明るい半日陰から日向まで幅広く適応し初心者にも育てやすい品種です。着生植物のため一般的な毒性情報は明確でなく、犬や猫の誤食は避けるようにする。,新規,4,2
platycerium_alcicorne,ビカクシダ・アルシコルネ,Platycerium alcicorne,Platycerium alcicorne,,マダガスカル・アフリカ,18〜30℃,55〜75%,6,bright_indirect,medium,群生しやすく子株をよく吹く品種で貯水葉の内側に水が溜まるよう生育期はたっぷり水を与えます。明るい半日陰で風通しの良い環境を好み、群生株に育てると見応えのある姿になります。着生植物のため一般的な毒性情報は明確でなく、犬や猫の誤食は避けるようにする。,新規,3,3
platycerium_superbum,ビカクシダ・スパーバム,Platycerium superbum,Platycerium superbum,,オーストラリア,15〜30℃,55〜75%,6,bright_indirect,hard,王冠のように大きく立ち上がる貯水葉が特徴の大型品種で高温多湿を好み生育期はたっぷり水を与えます。明るい半日陰で風通しの良い環境を好み、大きく育つため十分なスペースが必要です。着生植物のため一般的な毒性情報は明確でなく、犬や猫の誤食は避けるようにする。,新規,3,4
platycerium_wallichii,ビカクシダ・ワリチー,Platycerium wallichii,Platycerium wallichii,,東南アジア,18〜30℃,60〜80%,6,bright_indirect,hard,細く深く裂ける胞子葉が特徴の希少種で高い湿度を好み乾燥に弱いため加湿環境での管理が推奨されます。明るい半日陰で強い直射日光は葉焼けの原因になります。流通量が少なく成長もゆっくりな希少種です。着生植物のため一般的な毒性情報は明確でなく、犬や猫の誤食は避けるようにする。,新規,3,5
platycerium_andinum,ビカクシダ・アンディナム,Platycerium andinum,Platycerium andinum,,ペルー,18〜28℃,55〜75%,7,bright_indirect,hard,ビカクシダ属で唯一南米に自生する珍しい品種で細長い胞子葉が特徴です。明るい半日陰を好み生育期は貯水葉が乾いたらたっぷり水を与えます。流通量が少なく成長もゆっくりな希少種のため気長に育てましょう。着生植物のため一般的な毒性情報は明確でなく、犬や猫の誤食は避けるようにする。,新規,3,4
platycerium_madagascariense,ビカクシダ・マダガスカリエンセ,Platycerium madagascariense,Platycerium madagascariense,,マダガスカル,20〜30℃,65〜85%,6,bright_indirect,hard,網目状の葉脈模様が浮かぶ貯水葉が美しい希少種で非常に高い湿度を好み乾燥に弱いため加湿環境での管理が推奨されます。明るい半日陰で強い直射日光は葉焼けの原因になります。成長が非常にゆっくりで栽培難易度の高い品種として知られています。着生植物のため一般的な毒性情報は明確でなく、犬や猫の誤食は避けるようにする。,新規,3,5
platycerium_holttumii,ビカクシダ・ホルタミー,Platycerium holttumii,Platycerium holttumii,,東南アジア,18〜30℃,60〜80%,6,bright_indirect,hard,ワンダエに似るがより多く群生する性質を持つ大型品種で高温多湿を好み生育期はたっぷり水を与えます。明るい半日陰で風通しの良い環境を好み、大きく育つため十分なスペースが必要です。着生植物のため一般的な毒性情報は明確でなく、犬や猫の誤食は避けるようにする。,新規,3,5
platycerium_ellisii,ビカクシダ・エリシー,Platycerium ellisii,Platycerium ellisii,,マダガスカル,18〜30℃,60〜80%,6,bright_indirect,hard,丸みを帯びた貯水葉と扇状の胞子葉が特徴の希少種で高い湿度を好み乾燥に弱いため加湿環境での管理が推奨されます。明るい半日陰で強い直射日光は葉焼けの原因になります。流通量が少なく成長もゆっくりな希少種です。着生植物のため一般的な毒性情報は明確でなく、犬や猫の誤食は避けるようにする。,新規,3,5
platycerium_stemaria,ビカクシダ・ステマリア,Platycerium stemaria,Platycerium stemaria,,アフリカ中西部,18〜30℃,60〜80%,6,bright_indirect,hard,細長く裂ける胞子葉と丸みのある貯水葉のコントラストが特徴の品種で高温多湿を好み生育期はたっぷり水を与えます。明るい半日陰で風通しの良い環境を好み、寒さに弱いため冬は室内で温度管理をしましょう。着生植物のため一般的な毒性情報は明確でなく、犬や猫の誤食は避けるようにする。,新規,3,4
hoya_carnosa,ホヤ・カルノーサ,Wax Plant,Hoya carnosa,,東アジア〜東南アジア,15〜28℃,40〜60%,10,bright_indirect,easy,多肉質の葉に水分を蓄えるため土がしっかり乾いてから水を与え、冬はさらに乾燥気味に管理します。星形の香りの良い花を咲かせるには明るい光が必要ですが強い直射日光は葉焼けの原因になります。丈夫でつる性のため支柱やハンギングで育てやすい品種です。Hoya属は一般に犬猫への毒性は低いとされますが誤食は避けましょう。,新規,3,1
hoya_obovata,ホヤ・オボバータ,Hoya obovata,Hoya obovata,,東南アジア,18〜28℃,50〜70%,9,bright_indirect,easy,丸みを帯びた厚みのある葉が特徴の丈夫なホヤで土がしっかり乾いてから水を与えます。明るい日陰でよく育ちますが強い直射日光は葉焼けの原因になるため注意してください。つる性でよく伸びるため支柱に這わせると見応えのある株になります。Hoya属は一般に犬猫への毒性は低いとされますが誤食は避けましょう。,新規,3,2
hoya_linearis,ホヤ・リネアリス,Hoya linearis,Hoya linearis,,ヒマラヤ・東南アジア,15〜25℃,55〜75%,8,bright_indirect,medium,細い糸状の葉が垂れ下がる繊細な姿が特徴の品種で土の表面が乾いたら水を与えます。高い湿度を好み乾燥すると葉がしわみやすいため加湿を心がけてください。明るい日陰を好み強い直射日光は葉焼けの原因になります。Hoya属は一般に犬猫への毒性は低いとされますが誤食は避けましょう。,新規,3,3
hoya_curtisii,ホヤ・クルティシー,Hoya curtisii,Hoya curtisii,,マレーシア,18〜28℃,55〜75%,8,bright_indirect,medium,小さな斑入りの丸い葉が密に茂るミニチュアなホヤで土の表面が乾いたら水を与えます。高い湿度を好み乾燥すると葉が縮みやすいため加湿を心がけてください。明るい日陰を好み強い直射日光は葉焼けの原因になります。Hoya属は一般に犬猫への毒性は低いとされますが誤食は避けましょう。,新規,3,3
hoya_imperialis,ホヤ・インペリアリス,Hoya imperialis,Hoya imperialis,,ボルネオ島・マレーシア,18〜28℃,55〜75%,9,bright_indirect,medium,非常に大きな花を咲かせる大型のつる性ホヤで土がしっかり乾いてから水を与えます。高い湿度を好み明るい日陰でよく育ちますが強い直射日光は葉焼けの原因になるため注意してください。支柱やトレリスに這わせると大きく茂ります。Hoya属は一般に犬猫への毒性は低いとされますが誤食は避けましょう。,新規,3,3
hoya_multiflora,ホヤ・マルチフローラ,Shooting Star Hoya,Hoya multiflora,,東南アジア,18〜28℃,50〜70%,9,bright_indirect,medium,流れ星のような細い花弁の花を房状に咲かせる品種で土がしっかり乾いてから水を与えます。他のホヤよりやや直立性で明るい日陰から半日向を好みます。強い直射日光は葉焼けの原因になるため注意してください。Hoya属は一般に犬猫への毒性は低いとされますが誤食は避けましょう。,新規,3,2
hoya_lacunosa,ホヤ・ラクノーサ,Hoya lacunosa,Hoya lacunosa,,東南アジア,18〜28℃,50〜70%,9,bright_indirect,easy,シナモンのような甘い香りの小花を房状に咲かせる丈夫なホヤで土がしっかり乾いてから水を与えます。明るい日陰でよく育ち強い直射日光は葉焼けの原因になるため注意してください。よく分枝しコンパクトにまとまる品種です。Hoya属は一般に犬猫への毒性は低いとされますが誤食は避けましょう。,新規,3,2
hoya_retusa,ホヤ・レツーサ,Hoya retusa,Hoya retusa,,インド,18〜28℃,45〜65%,9,bright_indirect,medium,細く尖った針のような葉が特徴のユニークなホヤで土がしっかり乾いてから水を与えます。明るい日陰から半日向を好み強い直射日光は葉焼けの原因になるため注意してください。つる状に伸びるためハンギングでの管理が向いています。Hoya属は一般に犬猫への毒性は低いとされますが誤食は避けましょう。,新規,3,3
rhipsalis_cereuscula,リプサリス・セレウスクラ,Coral Cactus,Rhipsalis cereuscula,,ブラジル,15〜28℃,50〜70%,8,bright_indirect,easy,珊瑚のように分岐する細い茎が垂れ下がる着生サボテンで土の表面が乾いたら水を与えます。明るい日陰でよく育ちますが強い直射日光は茎焼けの原因になるため注意してください。乾燥にも比較的強く育てやすい品種です。他のサボテン類と同様、誤食は避けペットのいる家庭では注意しましょう。,新規,3,2
rhipsalis_pilocarpa,リプサリス・ピロカルパ,Hairy-fruited Rhipsalis,Rhipsalis pilocarpa,,ブラジル,15〜28℃,55〜75%,7,bright_indirect,medium,産毛に覆われた実をつける垂れ下がる着生サボテンで土の表面が乾いたら水を与えます。他のリプサリスよりやや高い湿度を好み乾燥すると茎がしわみやすくなります。明るい日陰を好み強い直射日光は茎焼けの原因になります。他のサボテン類と同様、誤食は避けペットのいる家庭では注意しましょう。,新規,3,3
dischidia_ruscifolia,ディスキディア・ルスキフォリア,Million Hearts,Dischidia ruscifolia,,東南アジア,18〜28℃,50〜70%,8,bright_indirect,easy,小さなハート形の多肉質の葉が密に連なる着生植物で土の表面が乾いたら水を与えます。明るい日陰でよく育ちますが強い直射日光は葉焼けの原因になるため注意してください。ハンギングで育てると葉が垂れ下がり愛らしい姿になります。誤食は避け、ペットのいる家庭では手の届かない場所に置きましょう。,新規,3,1
dischidia_nummularia,ディスキディア・ヌムラリア,String of Nickels,Dischidia nummularia,,東南アジア,18〜28℃,50〜70%,8,bright_indirect,easy,硬貨のような丸く小さな葉がつる状に連なる着生植物で土の表面が乾いたら水を与えます。明るい日陰でよく育ちますが強い直射日光は葉焼けの原因になるため注意してください。乾燥にも比較的強く着生素材に活着させて育てることもできます。誤食は避け、ペットのいる家庭では手の届かない場所に置きましょう。,新規,3,2
dischidia_ovata,ディスキディア・オバータ,Dischidia ovata,Dischidia ovata,,東南アジア,18〜28℃,50〜70%,8,bright_indirect,medium,楕円形の厚みのある葉がつる状に連なる着生植物で土の表面が乾いたら水を与えます。アリ植物としても知られ野生では葉の内側にアリが共生することがあります。明るい日陰を好み強い直射日光は葉焼けの原因になります。誤食は避け、ペットのいる家庭では手の届かない場所に置きましょう。,新規,3,3
tillandsia_ionantha,チランジア・イオナンタ,Sky Plant,Tillandsia ionantha,,中南米,10〜30℃,40〜60%,4,bright_indirect,easy,土を使わず空気中の水分で育つエアプランツの代表種で、週に数回の霧吹きに加え週1回程度は数十分水に浸ける「ソーキング」を行います。明るい室内の窓辺でよく育ちますが強い直射日光は葉焼けの原因になります。開花期には葉の中心が赤く色づき見頃を迎えます。誤食は避け、ペットのいる家庭では手の届かない場所に置きましょう。,新規,4,1
tillandsia_xerographica,チランジア・キセログラフィカ,King of Air Plants,Tillandsia xerographica,,中南米,10〜30℃,30〜50%,7,bright_indirect,easy,銀白色の波打つ葉がロゼット状に広がるエアプランツの王様と呼ばれる品種で、乾燥に強いため霧吹きは控えめにし週1回程度のソーキングを行います。明るい室内の窓辺でよく育ちますが強い直射日光は葉焼けの原因になります。成長が遅く大きく育つと存在感のある株になります。誤食は避け、ペットのいる家庭では手の届かない場所に置きましょう。,新規,4,2
tillandsia_usneoides,チランジア・ウスネオイデス,Spanish Moss,Tillandsia usneoides,,中南米・北米南部,5〜30℃,45〜65%,4,bright_indirect,easy,糸状の細い葉が連なって垂れ下がるユニークなエアプランツで、頻繁な霧吹きと風通しの良い環境を好みます。明るい半日陰でよく育ちますが強い直射日光は葉焼けの原因になります。他のエアプランツよりやや湿度を好むため乾燥しすぎに注意してください。誤食は避け、ペットのいる家庭では手の届かない場所に置きましょう。,新規,3,2
tillandsia_bulbosa,チランジア・ブルボーサ,Tillandsia bulbosa,Tillandsia bulbosa,,中南米,15〜30℃,45〜65%,5,bright_indirect,medium,根元が球根状に膨らみタコのような姿をした個性的なエアプランツで、週に数回の霧吹きに加え週1回程度のソーキングを行います。明るい室内の窓辺でよく育ちますが強い直射日光は葉焼けの原因になります。膨らんだ根元に水が溜まりすぎると蒸れることがあるため乾かす時間も大切にしましょう。誤食は避け、ペットのいる家庭では手の届かない場所に置きましょう。,新規,3,2
tillandsia_caput_medusae,チランジア・カプトメデューサエ,Medusa's Head Air Plant,Tillandsia caput-medusae,,中米,10〜30℃,40〜60%,5,bright_indirect,easy,タコの足のようにうねる葉がメデューサの頭を思わせる個性的な品種で、週に数回の霧吹きに加え週1回程度のソーキングを行います。明るい室内の窓辺でよく育ちますが強い直射日光は葉焼けの原因になります。丈夫で育てやすくエアプランツ入門にも向いています。誤食は避け、ペットのいる家庭では手の届かない場所に置きましょう。,新規,4,2
tillandsia_brachycaulos,チランジア・ブラキカウロス,Tillandsia brachycaulos,Tillandsia brachycaulos,,中米,10〜30℃,40〜60%,4,bright_indirect,easy,開花期に葉全体が鮮やかな赤色に色づく美しいエアプランツで、週に数回の霧吹きに加え週1回程度のソーキングを行います。明るい室内の窓辺でよく育ちますが強い直射日光は葉焼けの原因になります。紅葉を楽しむには十分な光を確保することが大切です。誤食は避け、ペットのいる家庭では手の届かない場所に置きましょう。,新規,4,1
davallia_mariesii,ダバリア・マリエシー,Ball Fern,Davallia mariesii,,東アジア,10〜25℃,55〜75%,5,bright_indirect,easy,白い毛に覆われた根茎が地表を這うように広がる着生シダで土の表面が乾いたら水を与えます。明るい半日陰を好み強い直射日光は葉焼けの原因になります。根茎を鉢の外に這わせて育てると独特の見た目を楽しめます。誤食は避け、ペットのいる家庭では手の届かない場所に置きましょう。,新規,3,2
neofinetia_falcata,フウラン（富貴蘭）,Wind Orchid,Neofinetia falcata,,日本・朝鮮半島・中国,5〜30℃,50〜70%,7,bright_indirect,medium,着生ランのため水苔に植え生育期は表面が乾いたらたっぷりと水を与え、冬はやや控えめにします。明るい半日陰から明るい日陰を好み強い直射日光は葉焼けの原因になります。日本で古くから愛培される品種で、夜に甘い芳香のある白い花を咲かせます。誤食は避け、ペットのいる家庭では手の届かない場所に置きましょう。,新規,3,3
phalaenopsis_amabilis,ファレノプシス・アマビリス,Moon Orchid,Phalaenopsis amabilis,,東南アジア,18〜28℃,50〜70%,7,bright_indirect,medium,コチョウランの原種で水苔やバークに植え、鉢の中が乾いたら鉢底から流れ出るくらいたっぷり水を与えます。直射日光を避けた明るい室内で管理し、根の状態を見て水やりの間隔を調整するのがコツです。花は数ヶ月にわたって咲き続け冬の室内を華やかにします。誤食は避け、ペットのいる家庭では手の届かない場所に置きましょう。,新規,3,3
phalaenopsis_schilleriana,ファレノプシス・シレリアナ,Phalaenopsis schilleriana,Phalaenopsis schilleriana,,フィリピン,18〜28℃,55〜75%,7,bright_indirect,medium,銀白色の斑模様が入る葉と淡いピンクの花房が美しい原種で水苔やバークに植え、鉢の中が乾いたらたっぷり水を与えます。明るい室内を好み強い直射日光は葉焼けの原因になります。一度に多数の花を咲かせるため株を充実させることが花付きのコツです。誤食は避け、ペットのいる家庭では手の届かない場所に置きましょう。,新規,3,4
dendrobium_nobile,デンドロビウム・ノビル,Noble Dendrobium,Dendrobium nobile,,ヒマラヤ・東南アジア,10〜28℃,50〜70%,6,bright_direct,medium,バルブに水分を蓄えるため生育期は土や水苔が乾いたらたっぷり水を与え、秋以降は花芽をつけるため断水気味に管理します。よく日に当てることと秋の低温・断水を組み合わせることで花付きが良くなります。誤食は避け、ペットのいる家庭では手の届かない場所に置きましょう。,新規,4,3
dendrobium_kingianum,デンドロビウム・キンギアナム,Pink Rock Orchid,Dendrobium kingianum,,オーストラリア,5〜28℃,45〜65%,7,bright_direct,easy,小型でよく群生する丈夫なデンドロビウムで生育期は水苔やバークが乾いたらたっぷり水を与え、冬はやや控えめにします。他のランよりも耐寒性があり屋外の軒下でも育てられます。よく日に当てることで花付きが良くなります。誤食は避け、ペットのいる家庭では手の届かない場所に置きましょう。,新規,4,2
dendrobium_phalaenopsis,デンドロビウム・ファレノプシス,Cooktown Orchid,Dendrobium bigibbum,Dendrobium phalaenopsis,オーストラリア・ニューギニア,15〜30℃,50〜70%,6,bright_indirect,medium,細長いバルブから蝶に似た花を房状に咲かせる品種で生育期は水苔やバークが乾いたらたっぷり水を与え、秋以降は花芽をつけるため断水気味に管理します。明るい場所を好み強い直射日光は葉焼けの原因になります。誤食は避け、ペットのいる家庭では手の届かない場所に置きましょう。,新規,4,3
cymbidium_ensifolium,シュンラン系シンビジウム,Four Season Orchid,Cymbidium ensifolium,,東アジア,10〜28℃,50〜70%,7,bright_indirect,medium,細長い葉と控えめで香りの良い花が特徴の東洋ランの一種で用土が乾いたらたっぷり水を与えます。明るい半日陰を好み強い直射日光は葉焼けの原因になります。年間を通して開花し香りを楽しめるのが魅力です。誤食は避け、ペットのいる家庭では手の届かない場所に置きましょう。,新規,3,3
cymbidium_goeringii,カンラン（春蘭）,Spring Cymbidium,Cymbidium goeringii,,東アジア,0〜25℃,45〜65%,8,bright_indirect,medium,日本や中国で古くから愛培される東洋ランで用土が乾いたらたっぷり水を与えます。耐寒性があり屋外の軒下でも冬越しできますが、真夏の強い直射日光は避け明るい半日陰で管理してください。早春に控えめで上品な花を咲かせます。誤食は避け、ペットのいる家庭では手の届かない場所に置きましょう。,新規,3,3
cattleya_labiata,カトレア・ラビアタ,Cattleya labiata,Cattleya labiata,,ブラジル,15〜28℃,50〜70%,7,bright_direct,medium,大輪で香りの良い花を咲かせるカトレアの代表種でバルブに水分を蓄えるため用土が乾いたらたっぷり水を与えます。よく日に当てることで花付きが良くなりますが真夏の直射日光は葉焼けの原因になるため遮光してください。誤食は避け、ペットのいる家庭では手の届かない場所に置きましょう。,新規,4,3
cattleya_walkeriana,カトレア・ワルケリアナ,Cattleya walkeriana,Cattleya walkeriana,,ブラジル,15〜28℃,50〜70%,7,bright_direct,medium,小型ながら大きく香りの良い花を咲かせる人気種でバルブに水分を蓄えるため用土が乾いたらたっぷり水を与えます。よく日に当てることで花付きが良くなりますが真夏の直射日光は葉焼けの原因になるため遮光してください。誤食は避け、ペットのいる家庭では手の届かない場所に置きましょう。,新規,4,3
vanda_coerulea,バンダ・コエルレア,Blue Vanda,Vanda coerulea,,インド・東南アジア,18〜30℃,60〜80%,4,bright_direct,hard,青みを帯びた珍しい花色が魅力の着生ランで、根が空気中に露出するバスケット植えが基本のため霧吹きや浸け水で頻繁に水分を補給します。非常に明るい環境を好み、日照不足だと花付きが悪くなります。高い湿度も欠かせないため加湿を心がけましょう。誤食は避け、ペットのいる家庭では手の届かない場所に置きましょう。,新規,5,5
vanda_tricolor,バンダ・トリカラー,Vanda tricolor,Vanda tricolor,,インドネシア,18〜30℃,60〜80%,4,bright_direct,hard,芳香のある斑点模様の花を咲かせる着生ランで、根が空気中に露出するバスケット植えが基本のため霧吹きや浸け水で頻繁に水分を補給します。非常に明るい環境と高い湿度を好み、環境が合わないと根が傷みやすい繊細な品種です。誤食は避け、ペットのいる家庭では手の届かない場所に置きましょう。,新規,5,5
oncidium_sphacelatum,オンシジウム・スファセラツム,Dancing Lady Orchid,Oncidium sphacelatum,,中米,15〜28℃,50〜70%,7,bright_indirect,easy,黄色い小花が舞い踊るように房状に咲く丈夫な品種で用土が乾いたらたっぷり水を与えます。明るい半日陰を好み強い直射日光は葉焼けの原因になります。バルブがよく肥大し丈夫で初心者にも育てやすいランです。誤食は避け、ペットのいる家庭では手の届かない場所に置きましょう。,新規,3,2
paphiopedilum_callosum,パフィオペディルム・カロースム,Slipper Orchid,Paphiopedilum callosum,,東南アジア,15〜28℃,55〜75%,6,bright_indirect,medium,靴のような形をした袋状の唇弁が特徴的な地生ランで用土が常に軽く湿る程度に水を与えます。バルブを持たないため極端な乾燥に弱く、明るい日陰を好み直射日光は葉焼けの原因になります。誤食は避け、ペットのいる家庭では手の届かない場所に置きましょう。,新規,2,3
paphiopedilum_insigne,パフィオペディルム・インシグネ,Paphiopedilum insigne,Paphiopedilum insigne,,ヒマラヤ,10〜25℃,50〜70%,6,bright_indirect,easy,丈夫で育てやすいことで知られるスリッパオーキッドの一種で用土が常に軽く湿る程度に水を与えます。他のパフィオペディルムより耐寒性があり明るい日陰でよく育ちます。直射日光は葉焼けの原因になるため避けてください。誤食は避け、ペットのいる家庭では手の届かない場所に置きましょう。,新規,2,2
miltonia_spectabilis,ミルトニア・スペクタビリス,Pansy Orchid,Miltonia spectabilis,,ブラジル,15〜25℃,55〜75%,6,bright_indirect,medium,パンジーに似た平たい花が特徴のランで用土が乾いたらたっぷり水を与えます。他のランより乾燥に弱く常に適度な湿度を保つことが大切です。明るい日陰を好み直射日光は葉焼けの原因になります。誤食は避け、ペットのいる家庭では手の届かない場所に置きましょう。,新規,3,3
brassavola_nodosa,ブラサボラ・ノドサ,Lady of the Night,Brassavola nodosa,,中南米,18〜30℃,45〜65%,6,bright_direct,easy,夜になると強い芳香を放つ白い花が特徴の丈夫なランでバルブに水分を蓄えるため用土が乾いたらたっぷり水を与えます。よく日に当てることで花付きが良くなり乾燥にも比較的強い品種です。誤食は避け、ペットのいる家庭では手の届かない場所に置きましょう。,新規,4,2
epidendrum_radicans,エピデンドラム・ラディカンス,Reed Stem Epidendrum,Epidendrum radicans,,中南米,10〜28℃,45〜65%,7,bright_direct,easy,茎から気根を出しながら伸び鮮やかな花を房状に次々と咲かせる丈夫なランで用土が乾いたらたっぷり水を与えます。よく日に当てることで花付きが良くなり、比較的丈夫で育てやすい品種です。誤食は避け、ペットのいる家庭では手の届かない場所に置きましょう。,新規,4,1
bulbophyllum_lobbii,バルボフィラム・ロビー,Bulbophyllum lobbii,Bulbophyllum lobbii,,東南アジア,15〜28℃,55〜75%,6,bright_indirect,medium,大きく丸みのある花を一輪ずつ咲かせる着生ランで用土や水苔が乾いたらたっぷり水を与えます。高い湿度を好み乾燥に弱いため加湿を心がけてください。明るい日陰を好み直射日光は葉焼けの原因になります。誤食は避け、ペットのいる家庭では手の届かない場所に置きましょう。,新規,3,3
masdevallia_veitchiana,マスデバリア・ベイチアナ,Masdevallia veitchiana,Masdevallia veitchiana,,ペルー,10〜22℃,60〜80%,6,bright_indirect,hard,鮮やかなオレンジ色の三角形の花が特徴の高山性ランで用土が常に軽く湿る程度に水を与えます。高温に非常に弱く涼しい環境と高い湿度が欠かせないため、日本の高温多湿な夏の管理には特に注意が必要です。誤食は避け、ペットのいる家庭では手の届かない場所に置きましょう。,新規,2,5
laelia_anceps,レリア・アンセプス,Laelia anceps,Laelia anceps,,メキシコ,10〜28℃,45〜65%,7,bright_direct,easy,細長い花茎の先に大輪の花を咲かせる丈夫なランでバルブに水分を蓄えるため用土が乾いたらたっぷり水を与えます。よく日に当てることで花付きが良くなり、比較的乾燥にも強い品種です。誤食は避け、ペットのいる家庭では手の届かない場所に置きましょう。,新規,4,2
zygopetalum_mackayi,ジゴペタラム・マッカイ,Zygopetalum mackayi,Zygopetalum mackayi,,ブラジル,10〜25℃,50〜70%,6,bright_indirect,medium,芳香のある紫がかった花が特徴のランで用土が乾いたらたっぷり水を与えます。他のランより涼しい環境を好み、明るい日陰で直射日光は葉焼けの原因になります。誤食は避け、ペットのいる家庭では手の届かない場所に置きましょう。,新規,3,3
angraecum_sesquipedale,アングレカム・セスキペダレ,Christmas Star Orchid,Angraecum sesquipedale,,マダガスカル,18〜28℃,55〜75%,6,bright_indirect,hard,非常に長い距を持つ星形の白い花を咲かせる希少種で用土や水苔が乾いたらたっぷり水を与えます。高い湿度を好み乾燥に弱いため加湿を心がけてください。明るい日陰を好み直射日光は葉焼けの原因になります。誤食は避け、ペットのいる家庭では手の届かない場所に置きましょう。,新規,3,4
encyclia_cochleata,エンシクリア・コクレアタ,Cockleshell Orchid,Encyclia cochleata,,中南米,15〜28℃,50〜70%,7,bright_indirect,easy,貝殻のような形の唇弁が特徴のユニークな花を咲かせる丈夫なランでバルブに水分を蓄えるため用土が乾いたらたっぷり水を与えます。明るい日陰でよく育ち比較的育てやすい品種です。誤食は避け、ペットのいる家庭では手の届かない場所に置きましょう。,新規,3,2
ludisia_discolor,ルディシア・ディスカラー,Jewel Orchid,Ludisia discolor,,東南アジア,18〜28℃,55〜75%,5,low_light,easy,ビロード状の黒みがかった葉に赤い葉脈が入る、花より葉を楽しむジュエルオーキッドで用土が乾いたらたっぷり水を与えます。他のランと異なり耐陰性が高く室内の明るい日陰でよく育ちます。直射日光は葉焼けの原因になるため避けてください。誤食は避け、ペットのいる家庭では手の届かない場所に置きましょう。,新規,2,2
maxillaria_tenuifolia,マキシラリア・テヌイフォリア,Coconut Orchid,Maxillaria tenuifolia,,中米,15〜28℃,50〜70%,6,bright_indirect,easy,ココナッツのような甘い香りの花を咲かせる丈夫なランで用土が乾いたらたっぷり水を与えます。明るい日陰でよく育ち比較的育てやすい品種です。細長い葉が茂みのように広がります。誤食は避け、ペットのいる家庭では手の届かない場所に置きましょう。,新規,3,2
coelogyne_cristata,セロジネ・クリスタータ,Coelogyne cristata,Coelogyne cristata,,ヒマラヤ,5〜22℃,50〜70%,7,bright_indirect,medium,白く縁取られた清楚な花を房状に咲かせる涼しい気候を好むランで用土が乾いたらたっぷり水を与えます。高温多湿の日本の夏は苦手なため風通しの良い涼しい場所で管理してください。誤食は避け、ペットのいる家庭では手の届かない場所に置きましょう。,新規,3,3
stanhopea_tigrina,スタンホペア・ティグリナ,Tiger Stanhopea,Stanhopea tigrina,,メキシコ,15〜28℃,55〜75%,6,bright_indirect,medium,花茎が鉢底に向かって伸びるため吊り鉢やバスケットで栽培する個性的なランで用土が乾いたらたっぷり水を与えます。強い香りの大輪の花を咲かせますが一輪の花の寿命は数日と短い品種です。誤食は避け、ペットのいる家庭では手の届かない場所に置きましょう。,新規,3,3
psychopsis_papilio,サイコプシス・パピリオ,Butterfly Orchid,Psychopsis papilio,,中南米,18〜28℃,50〜70%,6,bright_indirect,medium,蝶が舞うような姿の花を次々と長期間咲かせる品種で用土が乾いたらたっぷり水を与えます。明るい場所を好み強い直射日光は葉焼けの原因になります。一本の花茎から次々と花を咲かせ長く楽しめます。誤食は避け、ペットのいる家庭では手の届かない場所に置きましょう。,新規,4,3
rhynchostylis_gigantea,リンコスティリス・ギガンテア,Foxtail Orchid,Rhynchostylis gigantea,,東南アジア,18〜30℃,55〜75%,5,bright_direct,hard,狐の尻尾のような花房を咲かせる着生ランで根が空気中に露出するバスケット植えが基本のため霧吹きや浸け水で頻繁に水分を補給します。非常に明るい環境と高い湿度を好み、日照不足や乾燥だと花付きが悪くなります。誤食は避け、ペットのいる家庭では手の届かない場所に置きましょう。,新規,5,4
vriesea_splendens,ビルベルギア・スプレンデンス,Flaming Sword,Vriesea splendens,,ブラジル,18〜28℃,50〜70%,7,bright_indirect,easy,虎縞模様の葉と剣のような赤い花穂が特徴のブロメリアで、葉の中心のカップに水を溜めて管理し土は控えめに与えます。明るい日陰でよく育ちますが強い直射日光は葉焼けの原因になります。開花後は子株が出るため株分けで増やせます。誤食は避け、ペットのいる家庭では手の届かない場所に置きましょう。,新規,3,2
vriesea_hieroglyphica,ヴリーセア・ヒエログリフィカ,King of Bromeliads,Vriesea hieroglyphica,,ブラジル,18〜28℃,55〜75%,7,bright_indirect,medium,葉に象形文字のような模様が入る大型のブロメリアで、葉の中心のカップに水を溜めて管理し土は控えめに与えます。明るい日陰でよく育ちますが強い直射日光は葉焼けの原因になります。大きく育つため鉢の置き場所に余裕を持たせましょう。誤食は避け、ペットのいる家庭では手の届かない場所に置きましょう。,新規,3,3
guzmania_lingulata,グズマニア・リングラータ,Scarlet Star,Guzmania lingulata,,中南米,18〜28℃,50〜70%,7,bright_indirect,easy,鮮やかな星形の苞葉が長期間楽しめる定番のブロメリアで、葉の中心のカップに水を溜めて管理し土は控えめに与えます。明るい日陰でよく育ちますが強い直射日光は葉焼けの原因になります。開花後は子株が出るため株分けで増やせます。誤食は避け、ペットのいる家庭では手の届かない場所に置きましょう。,新規,3,1
guzmania_sanguinea,グズマニア・サンギネア,Guzmania sanguinea,Guzmania sanguinea,,中米,18〜28℃,50〜70%,7,bright_indirect,easy,開花期に葉の中心部が赤やオレンジに色づく品種で、葉の中心のカップに水を溜めて管理し土は控えめに与えます。明るい日陰でよく育ちますが強い直射日光は葉焼けの原因になります。発色を楽しむには十分な光を確保しましょう。誤食は避け、ペットのいる家庭では手の届かない場所に置きましょう。,新規,3,2
neoregelia_carolinae,ネオレゲリア・カロリナエ,Blushing Bromeliad,Neoregelia carolinae,,ブラジル,18〜28℃,50〜70%,7,bright_indirect,easy,開花期に中心部の葉が鮮やかな赤に色づくブロメリアで、葉の中心のカップに水を溜めて管理し土は控えめに与えます。発色を良くするには明るい光が必要ですが強い直射日光は葉焼けの原因になります。誤食は避け、ペットのいる家庭では手の届かない場所に置きましょう。,新規,4,2
neoregelia_fireball,ネオレゲリア・ファイアボール,Neoregelia 'Fireball',Neoregelia 'Fireball',,中南米原産種の園芸品種,18〜28℃,50〜70%,7,bright_direct,easy,明るい光に当てると葉全体が燃えるような赤色に染まる小型品種で、葉の中心のカップに水を溜めて管理し土は控えめに与えます。発色を楽しむには十分な光が必要で、光量不足だと緑色に戻りやすくなります。誤食は避け、ペットのいる家庭では手の届かない場所に置きましょう。,新規,4,1
aechmea_fasciata,アエクメア・ファスキアタ,Silver Vase Plant,Aechmea fasciata,,ブラジル,15〜28℃,45〜65%,8,bright_indirect,easy,銀白色の縞模様の葉とピンクの花穂が美しい定番のブロメリアで、葉の中心のカップに水を溜めて管理し土は控えめに与えます。明るい日陰でよく育ちますが強い直射日光は葉焼けの原因になります。花後は子株が出るため株分けで増やせます。誤食は避け、ペットのいる家庭では手の届かない場所に置きましょう。,新規,3,1
aechmea_chantinii,アエクメア・シャンティニー,Amazonian Zebra Plant,Aechmea chantinii,,アマゾン,18〜28℃,55〜75%,7,bright_indirect,medium,虎縞模様の力強い葉と鮮やかな花序が特徴の大型ブロメリアで、葉の中心のカップに水を溜めて管理し土は控えめに与えます。他のアエクメアよりやや高い湿度を好み、明るい日陰で強い直射日光は葉焼けの原因になります。誤食は避け、ペットのいる家庭では手の届かない場所に置きましょう。,新規,3,3
billbergia_nutans,ビルベルギア・ヌタンス,Queen's Tears,Billbergia nutans,,ブラジル・アルゼンチン,10〜28℃,45〜65%,8,bright_indirect,easy,細長い葉が茂りしなやかに垂れ下がる花を咲かせる丈夫なブロメリアで、葉の中心のカップに水を溜めて管理し土は控えめに与えます。他のブロメリアより耐寒性・耐乾性があり育てやすい品種です。誤食は避け、ペットのいる家庭では手の届かない場所に置きましょう。,新規,3,1
cryptanthus_bivittatus,クリプタンサス・ビビタタス,Earth Star,Cryptanthus bivittatus,,ブラジル,18〜28℃,45〜65%,6,bright_indirect,easy,星形にロゼット状に広がる縞模様の葉が特徴の地生ブロメリアで、他のブロメリアと異なりカップを持たないため土に水を与えます。明るい日陰から半日向でよく育ち、光量に応じて葉色が変化します。誤食は避け、ペットのいる家庭では手の届かない場所に置きましょう。,新規,3,1
cryptanthus_zonatus,クリプタンサス・ゾナータス,Zebra Plant,Cryptanthus zonatus,,ブラジル,18〜28℃,45〜65%,6,bright_indirect,easy,波打つ縞模様の葉が地表を這うように広がる品種で、他のブロメリアと異なりカップを持たないため土に水を与えます。明るい日陰から半日向でよく育ち、光量不足だと縞模様が薄れやすくなります。誤食は避け、ペットのいる家庭では手の届かない場所に置きましょう。,新規,3,1
dyckia_brevifolia,ディッキア・ブレビフォリア,Dyckia brevifolia,Dyckia brevifolia,,ブラジル,5〜30℃,25〜45%,10,bright_direct,easy,鋸歯状の縁を持つ硬い葉がロゼット状に広がる地生ブロメリアで、他のブロメリアと異なり乾燥に強く土が乾いてから水を与えます。強い直射日光を好み屋外の日当たりの良い場所でよく育ちます。葉のトゲは鋭いため置き場所に注意してください。,新規,5,2
puya_alpestris,プヤ・アルペストリス,Sapphire Tower,Puya alpestris,,チリ,0〜28℃,25〜45%,12,bright_direct,medium,金属的な青緑色の珍しい花を咲かせる地生ブロメリアで、乾燥に強く土が完全に乾いてから水を与えます。耐寒性もあり強い直射日光を好みます。開花までに数年かかる気長に育てる植物です。葉の縁にトゲがあるため置き場所に注意してください。,新規,5,3
ananas_comosus,アナナス・コモサス,Pineapple Plant,Ananas comosus,,南米,18〜30℃,45〜65%,7,bright_direct,easy,実を食べた後の冠芽を植えても育てられる観賞用パイナップルで、生育期は土が乾いたらたっぷり水を与えます。強い光を好み日照不足だと葉が間延びしやすくなります。育てる過程を楽しむ観葉植物として人気です。葉の縁のトゲに注意してください。,新規,4,2
nidularium_innocentii,ニドゥラリウム・イノケンティー,Nidularium innocentii,Nidularium innocentii,,ブラジル,18〜28℃,55〜75%,7,bright_indirect,medium,中心部の苞葉が赤く色づく巣を思わせる姿のブロメリアで、葉の中心のカップに水を溜めて管理し土は控えめに与えます。高い湿度を好み明るい日陰で強い直射日光は葉焼けの原因になります。誤食は避け、ペットのいる家庭では手の届かない場所に置きましょう。,新規,3,3
orthophytum_gurkenii,オルソフィツム・グルケニー,Orthophytum gurkenii,Orthophytum gurkenii,,ブラジル,15〜28℃,40〜60%,8,bright_direct,medium,群生してマット状に広がる小型の地生ブロメリアで、他のブロメリアと異なりカップを持たず土に水を与えます。強い光を好み日照不足だと葉色が薄くなりやすい傾向があります。誤食は避け、ペットのいる家庭では手の届かない場所に置きましょう。,新規,4,3
tillandsia_cyanea,チランジア・シアネア,Pink Quill,Tillandsia cyanea,,エクアドル,15〜28℃,50〜70%,6,bright_indirect,easy,ピンク色の羽根状の苞から紫の花を咲かせる、土に植えられる珍しいタイプのチランジアで用土が乾いたら水を与えます。明るい日陰でよく育ちますが強い直射日光は葉焼けの原因になります。誤食は避け、ペットのいる家庭では手の届かない場所に置きましょう。,新規,3,2
aechmea_recurvata,アエクメア・レクルバータ,Aechmea recurvata,Aechmea recurvata,,ブラジル,10〜28℃,45〜65%,8,bright_indirect,easy,開花期に中心部の葉が赤く色づく小型のアエクメアで、葉の中心のカップに水を溜めて管理し土は控えめに与えます。明るい日陰から半日向でよく育ち、他のアエクメアより耐寒性があります。誤食は避け、ペットのいる家庭では手の届かない場所に置きましょう。,新規,4,2
guzmania_musaica,グズマニア・ムサイカ,Mosaic Guzmania,Guzmania musaica,,中南米,18〜28℃,55〜75%,7,bright_indirect,medium,モザイク状の美しい模様が入る葉が特徴のブロメリアで、葉の中心のカップに水を溜めて管理し土は控えめに与えます。高い湿度を好み明るい日陰で強い直射日光は葉焼けの原因になります。誤食は避け、ペットのいる家庭では手の届かない場所に置きましょう。,新規,3,3
vriesea_fenestralis,ヴリーセア・フェネストラリス,Netted Vriesea,Vriesea fenestralis,,ブラジル,18〜28℃,55〜75%,7,bright_indirect,medium,網目状の葉脈模様が浮かぶ美しい葉が特徴の大型ブロメリアで、葉の中心のカップに水を溜めて管理し土は控えめに与えます。明るい日陰でよく育ちますが強い直射日光は葉焼けの原因になります。誤食は避け、ペットのいる家庭では手の届かない場所に置きましょう。,新規,3,3
mammillaria_elongata,マミラリア・エロンガータ,Golden Stars Cactus,Mammillaria elongata,,メキシコ,10〜30℃,20〜40%,12,bright_direct,easy,指のように細長い茎が群生する丈夫なサボテンで、生育期は土が完全に乾いてから水を与え冬は断水気味にします。強い直射日光を好み日照不足だと徒長しやすくなります。子株がよく吹き群生株に育てやすい品種です。トゲは鋭いため置き場所に注意してください。,新規,5,1
mammillaria_hahniana,マミラリア・ハーニアナ,Old Lady Cactus,Mammillaria hahniana,,メキシコ,10〜30℃,20〜40%,12,bright_direct,easy,白い長毛に覆われた球形の姿が特徴の人気サボテンで、生育期は土が完全に乾いてから水を与え冬は断水気味にします。強い直射日光を好み白い毛を美しく保つには十分な光が必要です。トゲは鋭いため置き場所に注意してください。,新規,5,1
mammillaria_gracilis,マミラリア・グラキリス,Thimble Cactus,Mammillaria gracilis,,メキシコ,10〜30℃,20〜40%,12,bright_direct,easy,小さな球形の茎が群生してよく増える丈夫なサボテンで、生育期は土が完全に乾いてから水を与え冬は断水気味にします。強い直射日光を好み日照不足だと徒長しやすくなります。子吹きがよく群生株に育てやすい品種です。トゲは鋭いため置き場所に注意してください。,新規,5,1
gymnocalycium_mihanovichii,ギムノカリキウム・ミハノビッチ,Moon Cactus,Gymnocalycium mihanovichii,,パラグアイ・アルゼンチン,10〜28℃,25〜45%,12,bright_indirect,easy,葉緑素を持たない鮮やかな色のサボテンを台木に接ぎ木した品種としても流通し、生育期は土が完全に乾いてから水を与えます。強すぎない明るい光を好み、直射日光は表面が焼けることがあるため注意してください。トゲは鋭いため置き場所に注意してください。,新規,4,2
gymnocalycium_saglionis,ギムノカリキウム・サグリオニス,Gymnocalycium saglionis,Gymnocalycium saglionis,,アルゼンチン,10〜28℃,25〜45%,12,bright_direct,easy,大きく育つ球形の茎と太いトゲが特徴のサボテンで、生育期は土が完全に乾いてから水を与え冬は断水気味にします。強い直射日光を好み日照不足だと徒長しやすくなります。成長すると存在感のある株になります。トゲは鋭いため置き場所に注意してください。,新規,5,2
astrophytum_myriostigma,アストロフィツム・ミリオスティグマ,Bishop's Cap,Astrophytum myriostigma,,メキシコ,10〜28℃,20〜40%,12,bright_direct,medium,白い綿毛状の斑点に覆われた稜のある姿が特徴の人気サボテンで、生育期は土が完全に乾いてから水を与え冬は断水気味にします。強い直射日光を好み日照不足だと徒長しやすくなります。トゲがほとんどなく扱いやすい品種です。誤食は避け、ペットのいる家庭では手の届かない場所に置きましょう。,新規,5,3
astrophytum_asterias,アストロフィツム・アステリアス,Sand Dollar Cactus,Astrophytum asterias,,メキシコ・アメリカ南部,10〜28℃,20〜40%,12,bright_direct,hard,ほぼ平たい星形の姿が特徴の希少なサボテンで、生育期は土が完全に乾いてから水を与え冬は断水気味にします。強い直射日光を好み日照不足だと形が崩れやすくなります。成長が非常に遅く根腐れに注意が必要な繊細な品種です。誤食は避け、ペットのいる家庭では手の届かない場所に置きましょう。,新規,5,4
astrophytum_ornatum,アストロフィツム・オルナツム,Bishop's Cap,Astrophytum ornatum,,メキシコ,10〜28℃,20〜40%,12,bright_direct,medium,白い斑点模様と力強いトゲが特徴の柱状に育つサボテンで、生育期は土が完全に乾いてから水を与え冬は断水気味にします。強い直射日光を好み日照不足だと徒長しやすくなります。成長すると大きな柱状に育ちます。トゲは鋭いため置き場所に注意してください。,新規,5,3
echinopsis_oxygona,エキノプシス・オキシゴナ,Easter Lily Cactus,Echinopsis oxygona,,南米,10〜28℃,25〜45%,10,bright_direct,easy,大輪の香りの良い花を咲かせる丈夫な球形サボテンで、生育期は土が完全に乾いてから水を与え冬は断水気味にします。強い直射日光を好み子株がよく吹き群生株に育てやすい品種です。トゲは鋭いため置き場所に注意してください。,新規,5,1
echinopsis_subdenudata,エキノプシス・スブデヌダータ,Domino Cactus,Echinopsis subdenudata,,ボリビア,10〜28℃,25〜45%,10,bright_direct,easy,トゲがほとんどなく白い綿毛が目立つ球形サボテンで、生育期は土が完全に乾いてから水を与え冬は断水気味にします。強い直射日光を好み夜に大きな白い花を咲かせます。トゲが少なく扱いやすい入門種です。誤食は避け、ペットのいる家庭では手の届かない場所に置きましょう。,新規,5,1
opuntia_microdasys,オプンティア・ミクロダシス,Bunny Ears Cactus,Opuntia microdasys,,メキシコ,10〜30℃,20〜40%,12,bright_direct,easy,うさぎの耳のような平たい茎が連なる人気のサボテンで、生育期は土が完全に乾いてから水を与え冬は断水気味にします。強い直射日光を好み日照不足だと徒長しやすくなります。トゲは小さく見えても刺さると抜けにくいため素手で触れないよう注意してください。,新規,5,2
rebutia_minuscula,レブチア・ミヌスクラ,Red Crown Cactus,Rebutia minuscula,,アルゼンチン,10〜28℃,25〜45%,10,bright_direct,easy,小型で群生しやすく鮮やかな花を毎年咲かせる丈夫なサボテンで、生育期は土が完全に乾いてから水を与え冬は断水気味にします。強い直射日光を好み小さな鉢でも花を楽しみやすい品種です。トゲは鋭いため置き場所に注意してください。,新規,4,1
ferocactus_glaucescens,フェロカクタス・グラウケッセンス,Blue Barrel Cactus,Ferocactus glaucescens,,メキシコ,10〜30℃,20〜40%,12,bright_direct,medium,青みがかった球体と黄金色のトゲのコントラストが美しいサボテンで、生育期は土が完全に乾いてから水を与え冬は断水気味にします。強い直射日光を好み日照不足だと徒長しやすくなります。トゲは非常に鋭いため置き場所に十分注意してください。,新規,5,3
echinocactus_grusonii,エキノカクタス・グルソニー,Golden Barrel Cactus,Echinocactus grusonii,,メキシコ,10〜30℃,20〜40%,12,bright_direct,easy,黄金色のトゲに覆われた球形の姿が特徴の人気サボテンで、生育期は土が完全に乾いてから水を与え冬は断水気味にします。強い直射日光を好み大きく育つと存在感のある株になります。トゲは非常に鋭いため置き場所に十分注意してください。,新規,5,2
cereus_peruvianus,ケレウス・ペルビアヌス,Peruvian Apple Cactus,Cereus peruvianus,,南米,10〜30℃,20〜40%,12,bright_direct,easy,柱状に力強く育つ丈夫なサボテンで、生育期は土が完全に乾いてから水を与え冬は断水気味にします。強い直射日光を好み成長が早く大きく育ちます。トゲは鋭いため置き場所に注意してください。,新規,5,2
espostoa_lanata,エスポストア・ラナータ,Peruvian Old Man Cactus,Espostoa lanata,,ペルー,10〜28℃,25〜45%,11,bright_direct,medium,白い綿毛に覆われた柱状のサボテンで、生育期は土が完全に乾いてから水を与え冬は断水気味にします。強い直射日光を好み白い綿毛を美しく保つには十分な光が必要です。誤食は避け、ペットのいる家庭では手の届かない場所に置きましょう。,新規,5,3
lobivia_famatimensis,ロビビア・ファマチメンシス,Lobivia famatimensis,Lobivia famatimensis,,アルゼンチン,10〜28℃,25〜45%,10,bright_direct,easy,小型で色とりどりの花を毎年咲かせる丈夫なサボテンで、生育期は土が完全に乾いてから水を与え冬は断水気味にします。強い直射日光を好み子株がよく吹き群生株に育てやすい品種です。トゲは鋭いため置き場所に注意してください。,新規,4,1
notocactus_magnificus,ノトカクタス・マグニフィクス,Blue Ball Cactus,Notocactus magnificus,Parodia magnifica,ブラジル・ウルグアイ,10〜28℃,25〜45%,11,bright_direct,easy,青みがかった稜のある球形が特徴のサボテンで、生育期は土が完全に乾いてから水を与え冬は断水気味にします。強い直射日光を好み群生して大きな株に育ちます。トゲは鋭いため置き場所に注意してください。,新規,5,2
parodia_leninghausii,パロディア・レニングハウシー,Golden Ball Cactus,Parodia leninghausii,,ブラジル,10〜28℃,25〜45%,11,bright_direct,easy,黄金色の細かいトゲに覆われた柱状のサボテンで、生育期は土が完全に乾いてから水を与え冬は断水気味にします。強い直射日光を好み日照不足だと徒長しやすくなります。トゲは見た目より柔らかめですが注意してください。,新規,5,2
cleistocactus_strausii,クレイストカクタス・ストラウシー,Silver Torch Cactus,Cleistocactus strausii,,ボリビア,10〜28℃,20〜40%,11,bright_direct,medium,銀白色の細かいトゲに覆われた柱状のサボテンで、生育期は土が完全に乾いてから水を与え冬は断水気味にします。強い直射日光を好み日照不足だと徒長しやすくなります。成長すると大きな柱状に育ちます。トゲは鋭いため置き場所に注意してください。,新規,5,3
trichocereus_pachanoi,トリコケレウス・パカノイ,San Pedro Cactus,Trichocereus pachanoi,Echinopsis pachanoi,南米アンデス,10〜28℃,20〜40%,11,bright_direct,easy,成長が早く柱状に力強く育つサボテンで、生育期は土が完全に乾いてから水を与え冬は断水気味にします。強い直射日光を好み大きく育つため鉢の置き場所に余裕を持たせましょう。誤食は避け、ペットのいる家庭では手の届かない場所に置きましょう。,新規,5,2
melocactus_matanzanus,メロカクタス・マタンザヌス,Dwarf Turk's Cap,Melocactus matanzanus,,キューバ,15〜28℃,30〜50%,10,bright_direct,hard,成熟すると頭頂部に毛の生えた花座を形成する個性的なサボテンで、生育期は土が完全に乾いてから水を与え冬は断水気味にします。強い直射日光と高めの気温を好み、寒さにやや弱いため冬の温度管理に注意が必要です。トゲは鋭いため置き場所に注意してください。,新規,5,4
copiapoa_cinerea,コピアポア・キネレア,Copiapoa cinerea,Copiapoa cinerea,,チリ,10〜28℃,15〜35%,14,bright_direct,hard,白い粉を吹いたような灰白色の姿が特徴の希少なサボテンで、生育期は土が完全に乾いてから数日後に水を与える極度に乾燥気味の管理が基本です。強い直射日光と風通しの良い環境を好み、成長が非常に遅いため過湿による根腐れに特に注意してください。トゲは鋭いため置き場所に注意してください。,新規,5,5
haageocereus_versicolor,ハーゲオケレウス・ベルシカラー,Haageocereus versicolor,Haageocereus versicolor,,ペルー,10〜28℃,20〜40%,11,bright_direct,medium,色とりどりのトゲが柱状の茎を彩るサボテンで、生育期は土が完全に乾いてから水を与え冬は断水気味にします。強い直射日光を好み日照不足だと徒長しやすくなります。トゲは鋭いため置き場所に注意してください。,新規,5,3
rhipsalidopsis_gaertneri,リプサリドプシス・ゲルトネリ,Easter Cactus,Rhipsalidopsis gaertneri,Hatiora gaertneri,ブラジル,15〜25℃,50〜70%,7,bright_indirect,easy,平たい茎の先に鮮やかな花を咲かせる着生サボテンで、他のサボテンと異なり土の表面が乾いたら水を与えます。明るい日陰を好み強い直射日光は茎焼けの原因になります。他のサボテン類と同様、誤食は避けペットのいる家庭では注意しましょう。,新規,3,2
sansevieria_trifasciata,サンスベリア・トリファスキアタ,Snake Plant,Sansevieria trifasciata,Dracaena trifasciata,西アフリカ,15〜30℃,30〜50%,14,bright_indirect,easy,トラノオの名で親しまれる定番の丈夫な品種で、土が完全に乾いてから水を与える乾燥気味の管理が基本です。耐陰性が高く室内のさまざまな場所で育てやすいですが、直射日光は葉焼けの原因になるため避けてください。CAM型光合成のため夜間も空気を浄化するとされ寝室にも向くとされます。誤食すると口や消化器に軽い刺激を起こす恐れがあるためペットのいる家庭では注意しましょう。,新規,2,1
sansevieria_cylindrica,サンスベリア・シリンドリカ,Cylindrical Snake Plant,Sansevieria cylindrica,Dracaena angolensis,アンゴラ,15〜30℃,25〜45%,14,bright_indirect,easy,棒状に伸びる円筒形の葉が特徴で、土が完全に乾いてから水を与える乾燥気味の管理が基本です。耐陰性があり室内でも育てやすいですが直射日光は葉焼けの原因になるため避けてください。葉を編み込んだ仕立てでも流通する人気品種です。誤食すると口や消化器に軽い刺激を起こす恐れがあるためペットのいる家庭では注意しましょう。,新規,2,2
sansevieria_moonshine,サンスベリア・ムーンシャイン,Moonshine Snake Plant,Sansevieria trifasciata 'Moonshine',,西アフリカ原産種の園芸品種,15〜30℃,30〜50%,14,bright_indirect,easy,銀灰色に輝く幅広の葉が特徴の品種で、土が完全に乾いてから水を与える乾燥気味の管理が基本です。耐陰性が高く室内のさまざまな場所で育てやすいですが、発色を保つには明るい光が適しています。誤食すると口や消化器に軽い刺激を起こす恐れがあるためペットのいる家庭では注意しましょう。,新規,3,1
sansevieria_kirkii,サンスベリア・キルキー,Sansevieria kirkii,Sansevieria kirkii,,東アフリカ,15〜30℃,30〜50%,12,bright_indirect,medium,波打つ縁と斑模様の入る幅広の葉が特徴の品種で、土が完全に乾いてから水を与える乾燥気味の管理が基本です。耐陰性はありますが発色を保つには明るい光が適しています。他のサンスベリアよりやや成長がゆっくりです。誤食すると口や消化器に軽い刺激を起こす恐れがあるためペットのいる家庭では注意しましょう。,新規,3,2
sansevieria_masoniana,サンスベリア・マソニアーナ,Whale Fin Snake Plant,Sansevieria masoniana,,コンゴ,15〜30℃,30〜50%,14,bright_indirect,easy,クジラの尾のような一枚の大きな葉が特徴的な品種で、土が完全に乾いてから水を与える乾燥気味の管理が基本です。耐陰性が高く室内でも育てやすいですが直射日光は葉焼けの原因になるため避けてください。誤食すると口や消化器に軽い刺激を起こす恐れがあるためペットのいる家庭では注意しましょう。,新規,2,2
sansevieria_francisii,サンスベリア・フランシシー,Sansevieria francisii,Sansevieria francisii,,ケニア,15〜30℃,25〜45%,14,bright_direct,medium,肉厚な棒状の葉が密集して星形に広がる品種で、土が完全に乾いてから水を与える乾燥気味の管理が基本です。他のサンスベリアより強い光を好み、日照不足だと葉が間延びしやすくなります。誤食すると口や消化器に軽い刺激を起こす恐れがあるためペットのいる家庭では注意しましょう。,新規,4,3
sansevieria_fernwood,サンスベリア・ファーンウッド,Sansevieria 'Fernwood',Sansevieria 'Fernwood',,西アフリカ原産種の園芸品種,15〜30℃,25〜45%,14,bright_indirect,easy,細く棒状の葉が扇状に広がる品種で、土が完全に乾いてから水を与える乾燥気味の管理が基本です。耐陰性が高く室内のさまざまな場所で育てやすい丈夫な品種です。誤食すると口や消化器に軽い刺激を起こす恐れがあるためペットのいる家庭では注意しましょう。,新規,2,1
sansevieria_boncel,サンスベリア・ボンセル,Sansevieria 'Boncel',Sansevieria trifasciata 'Boncel',,西アフリカ原産種の園芸品種,15〜30℃,30〜50%,14,bright_indirect,easy,コンパクトに育つ棒状の葉が特徴の小型品種で、土が完全に乾いてから水を与える乾燥気味の管理が基本です。耐陰性が高く小さな鉢でも育てやすく、盆栽のような仕立ても楽しめます。誤食すると口や消化器に軽い刺激を起こす恐れがあるためペットのいる家庭では注意しましょう。,新規,2,1
sansevieria_black_coral,サンスベリア・ブラックコーラル,Black Coral Snake Plant,Sansevieria trifasciata 'Black Coral',,西アフリカ原産種の園芸品種,15〜30℃,30〜50%,14,bright_indirect,easy,黒みがかった濃緑色の幅広い葉が特徴の品種で、土が完全に乾いてから水を与える乾燥気味の管理が基本です。耐陰性が高く室内のさまざまな場所で育てやすい丈夫な品種です。誤食すると口や消化器に軽い刺激を起こす恐れがあるためペットのいる家庭では注意しましょう。,新規,2,1
sansevieria_hahnii,サンスベリア・ハーニー,Bird's Nest Snake Plant,Sansevieria trifasciata 'Hahnii',,西アフリカ原産種の園芸品種,15〜30℃,30〜50%,14,bright_indirect,easy,鳥の巣のようにロゼット状にコンパクトまとまる小型品種で、土が完全に乾いてから水を与える乾燥気味の管理が基本です。耐陰性が高く小さな鉢でも育てやすい丈夫な品種です。誤食すると口や消化器に軽い刺激を起こす恐れがあるためペットのいる家庭では注意しましょう。,新規,2,1
calathea_orbifolia,カラテア・オルビフォリア,Calathea orbifolia,Goeppertia orbifolia,,ブラジル,18〜28℃,60〜75%,5,bright_indirect,medium,銀緑色の縞模様が入る丸みを帯びた大きな葉が特徴で、表土が乾いたらたっぷりと水を与えます。高い湿度を好み乾燥すると葉先が茶色く傷みやすいため加湿を心がけてください。直射日光は葉焼けの原因になるため明るい日陰で管理しましょう。誤食は避け、ペットのいる家庭では手の届かない場所に置きましょう。,新規,3,3
calathea_makoyana,カラテア・マコヤナ,Peacock Plant,Goeppertia makoyana,,ブラジル,18〜28℃,60〜75%,5,bright_indirect,medium,孔雀の羽のような透かし模様の葉が特徴で、表土が乾いたらたっぷりと水を与えます。高い湿度を好み乾燥すると葉先が傷みやすいため加湿を心がけてください。直射日光は葉焼けの原因になるため明るい日陰で管理しましょう。誤食は避け、ペットのいる家庭では手の届かない場所に置きましょう。,新規,3,3
calathea_medallion,カラテア・メダリオン,Calathea 'Medallion',Goeppertia veitchiana 'Medallion',,ブラジル原産種の園芸品種,18〜28℃,60〜75%,5,bright_indirect,medium,メダルのような同心円模様の葉が特徴の人気品種で、表土が乾いたらたっぷりと水を与えます。高い湿度を好み乾燥すると葉先が傷みやすいため加湿を心がけてください。直射日光は葉焼けの原因になるため明るい日陰で管理しましょう。誤食は避け、ペットのいる家庭では手の届かない場所に置きましょう。,新規,3,3
calathea_lancifolia,カラテア・ランキフォリア,Rattlesnake Plant,Goeppertia lancifolia,,ブラジル,18〜28℃,55〜70%,6,bright_indirect,medium,波打つ細長い葉に濃い斑点模様が入る品種で、表土が乾いたらたっぷりと水を与えます。他のカラテアよりやや乾燥に強い傾向がありますが、直射日光は葉焼けの原因になるため明るい日陰で管理しましょう。誤食は避け、ペットのいる家庭では手の届かない場所に置きましょう。,新規,3,2
calathea_musaica,カラテア・ムサイカ,Network Plant,Goeppertia musaica,,ブラジル,18〜28℃,60〜75%,5,bright_indirect,medium,モザイク状の細かい網目模様の葉が特徴で、表土が乾いたらたっぷりと水を与えます。高い湿度を好み乾燥すると葉先が傷みやすいため加湿を心がけてください。直射日光は葉焼けの原因になるため明るい日陰で管理しましょう。誤食は避け、ペットのいる家庭では手の届かない場所に置きましょう。,新規,3,3
calathea_rufibarba,カラテア・ルフィバルバ,Furry Feather Calathea,Goeppertia rufibarba,,ブラジル,18〜28℃,55〜70%,6,bright_indirect,medium,細長い波打つ葉と葉裏の産毛が特徴的な品種で、表土が乾いたらたっぷりと水を与えます。高い湿度を好み乾燥すると葉先が傷みやすいため加湿を心がけてください。直射日光は葉焼けの原因になるため明るい日陰で管理しましょう。誤食は避け、ペットのいる家庭では手の届かない場所に置きましょう。,新規,3,3
calathea_zebrina,カラテア・ゼブリナ,Zebra Plant,Goeppertia zebrina,,ブラジル,18〜28℃,60〜75%,5,bright_indirect,medium,シマウマ模様のような縞が入るビロード状の葉が特徴で、表土が乾いたらたっぷりと水を与えます。高い湿度を好み乾燥すると葉先が傷みやすいため加湿を心がけてください。直射日光は葉焼けの原因になるため明るい日陰で管理しましょう。誤食は避け、ペットのいる家庭では手の届かない場所に置きましょう。,新規,3,3
calathea_ornata,カラテア・オルナータ,Pinstripe Calathea,Goeppertia ornata,,コロンビア・ベネズエラ,18〜28℃,60〜75%,5,bright_indirect,hard,細いピンストライプ模様が入る濃緑の葉が特徴で、表土が乾いたらたっぷりと水を与えます。非常に高い湿度を好み乾燥に弱いため加湿環境での管理が推奨されます。直射日光は葉焼けの原因になるため明るい日陰で管理しましょう。誤食は避け、ペットのいる家庭では手の届かない場所に置きましょう。,新規,3,4
calathea_insignis,カラテア・インシグニス,Rattlesnake Calathea,Goeppertia insignis,,ブラジル,18〜28℃,55〜70%,6,bright_indirect,medium,細長い葉に不規則な斑点模様が並ぶ品種で、表土が乾いたらたっぷりと水を与えます。高い湿度を好み乾燥すると葉先が傷みやすいため加湿を心がけてください。直射日光は葉焼けの原因になるため明るい日陰で管理しましょう。誤食は避け、ペットのいる家庭では手の届かない場所に置きましょう。,新規,3,3
calathea_warscewiczii,カラテア・ワルスセビッチー,Jungle Velvet Calathea,Goeppertia warscewiczii,,コスタリカ・ニカラグア,18〜28℃,60〜75%,5,bright_indirect,hard,ビロード状の質感を持つ大きな葉と紫の葉裏が美しい品種で、表土が乾いたらたっぷりと水を与えます。非常に高い湿度を好み乾燥に弱いため加湿環境での管理が推奨されます。直射日光は葉焼けの原因になるため明るい日陰で管理しましょう。誤食は避け、ペットのいる家庭では手の届かない場所に置きましょう。,新規,3,4
maranta_leuconeura_fascinator,マランタ・レウコネウラ・ファシネーター,Red Prayer Plant,Maranta leuconeura var. erythroneura,'Fascinator',ブラジル,18〜28℃,55〜70%,6,bright_indirect,medium,赤い葉脈が浮かぶ美しい葉を夜に閉じる祈りの植物として知られ、表土が乾いたらたっぷりと水を与えます。明るい日陰でよく育ちますが直射日光は葉焼けの原因になります。夜間に葉を閉じ朝に開く就眠運動が観察できます。誤食は避け、ペットのいる家庭では手の届かない場所に置きましょう。,新規,3,2
maranta_leuconeura_kerchoveana,マランタ・レウコネウラ・ケルコベアナ,Rabbit Tracks,Maranta leuconeura var. kerchoveana,,ブラジル,18〜28℃,55〜70%,6,bright_indirect,easy,ウサギの足跡のような斑点模様が入る葉が特徴で、表土が乾いたらたっぷりと水を与えます。明るい日陰でよく育ちますが直射日光は葉焼けの原因になります。夜間に葉を閉じる就眠運動が楽しい品種です。誤食は避け、ペットのいる家庭では手の届かない場所に置きましょう。,新規,3,2
ctenanthe_amagris,クテナンテ・アマグリス,Ctenanthe 'Amagris',Ctenanthe amabilis 'Amagris',,ブラジル原産種の園芸品種,18〜28℃,55〜70%,6,bright_indirect,medium,銀灰色と緑のコントラストが美しい波打つ葉が特徴で、表土が乾いたらたっぷりと水を与えます。明るい日陰でよく育ちますが直射日光は葉焼けの原因になります。誤食は避け、ペットのいる家庭では手の届かない場所に置きましょう。,新規,3,3
ctenanthe_lubbersiana,クテナンテ・ルバーシアナ,Bamburanta,Ctenanthe lubbersiana,,ブラジル,18〜28℃,55〜70%,6,bright_indirect,medium,黄緑の斑模様が入る細長い葉が特徴の品種で、表土が乾いたらたっぷりと水を与えます。明るい日陰でよく育ちますが直射日光は葉焼けの原因になります。誤食は避け、ペットのいる家庭では手の届かない場所に置きましょう。,新規,3,3
stromanthe_triostar,ストロマンテ・トリオスター,Tricolor Stromanthe,Stromanthe thalia 'Triostar',,ブラジル原産種の園芸品種,18〜28℃,60〜75%,5,bright_indirect,hard,白・緑・ピンクの三色が入る華やかな葉が特徴の人気品種で、表土が乾いたらたっぷりと水を与えます。非常に高い湿度を好み乾燥に弱いため加湿環境での管理が推奨されます。直射日光は葉焼けの原因になるため明るい日陰で管理しましょう。誤食は避け、ペットのいる家庭では手の届かない場所に置きましょう。,新規,3,4
peperomia_obtusifolia,ペペロミア・オブツシフォリア,Baby Rubber Plant,Peperomia obtusifolia,,中南米,18〜28℃,45〜65%,9,bright_indirect,easy,厚みのある艶やかな丸葉が特徴の丈夫な品種で、土がしっかり乾いてから水を与えます。明るい日陰でよく育ちますが直射日光は葉焼けの原因になるため避けてください。コンパクトにまとまり小さなスペースでも育てやすい品種です。誤食は避け、ペットのいる家庭では手の届かない場所に置きましょう。,新規,3,1
peperomia_polybotrya,ペペロミア・ポリボトリヤ,Coin Leaf Peperomia,Peperomia polybotrya,,南米,18〜28℃,45〜65%,9,bright_indirect,easy,ハート形の厚みのある艶やかな葉が特徴の品種で、土がしっかり乾いてから水を与えます。明るい日陰でよく育ちますが直射日光は葉焼けの原因になるため避けてください。誤食は避け、ペットのいる家庭では手の届かない場所に置きましょう。,新規,3,1
peperomia_prostrata,ペペロミア・プロストラータ,String of Turtles,Peperomia prostrata,,南米,18〜26℃,45〜65%,8,bright_indirect,medium,亀の甲羅のような模様の小さな葉がつる状に連なる人気品種で、土がしっかり乾いてから水を与えます。明るい日陰でよく育ちますが直射日光は葉焼けの原因になるため避けてください。ハンギングで育てると垂れ下がる姿を楽しめます。誤食は避け、ペットのいる家庭では手の届かない場所に置きましょう。,新規,3,2
peperomia_graveolens,ペペロミア・グラベオレンス,Ruby Glow Peperomia,Peperomia graveolens,,エクアドル,18〜28℃,35〜55%,9,bright_indirect,medium,舟形の多肉質な葉の縁が赤く色づく品種で、土がしっかり乾いてから水を与えます。多肉質のため他のペペロミアより乾燥に強く、発色を良くするには明るい光が必要です。誤食は避け、ペットのいる家庭では手の届かない場所に置きましょう。,新規,4,2
peperomia_ferreyrae,ペペロミア・フェレイラエ,Ferns Peperomia,Peperomia ferreyrae,,ペルー,18〜28℃,35〜55%,9,bright_indirect,easy,細長い多肉質の葉が波打つように茂る品種で、土がしっかり乾いてから水を与えます。多肉質のため乾燥に強く、明るい光を好みますが直射日光は葉焼けの原因になります。誤食は避け、ペットのいる家庭では手の届かない場所に置きましょう。,新規,3,1
peperomia_orba,ペペロミア・オルバ,Teardrop Peperomia,Peperomia orba,,南米,18〜28℃,45〜65%,9,bright_indirect,easy,涙型の小さな厚みのある葉が密に茂る品種で、土がしっかり乾いてから水を与えます。明るい日陰でよく育ちますが直射日光は葉焼けの原因になるため避けてください。コンパクトにまとまり扱いやすい品種です。誤食は避け、ペットのいる家庭では手の届かない場所に置きましょう。,新規,3,1
peperomia_puteolata,ペペロミア・プテオラータ,Parallel Peperomia,Peperomia puteolata,,ペルー,18〜28℃,50〜70%,8,bright_indirect,medium,赤みを帯びた茎と縞模様の葉が特徴のつる性品種で、土がしっかり乾いてから水を与えます。明るい日陰でよく育ちますが直射日光は葉焼けの原因になるため避けてください。誤食は避け、ペットのいる家庭では手の届かない場所に置きましょう。,新規,3,2
peperomia_verticillata,ペペロミア・ベルティキラータ,Red Log Peperomia,Peperomia verticillata,,中南米,18〜28℃,40〜60%,9,bright_indirect,easy,輪生する小さな葉と赤みを帯びた茎が特徴の品種で、土がしっかり乾いてから水を与えます。明るい光を好みますが直射日光は葉焼けの原因になるため避けてください。誤食は避け、ペットのいる家庭では手の届かない場所に置きましょう。,新規,3,1
peperomia_argyreia,ペペロミア・アルギレイア,Watermelon Peperomia,Peperomia argyreia,,南米,18〜28℃,45〜65%,9,bright_indirect,easy,スイカの縞模様に似た葉模様が特徴の人気品種で、土がしっかり乾いてから水を与えます。明るい日陰でよく育ちますが直射日光は葉焼けの原因になるため避けてください。誤食は避け、ペットのいる家庭では手の届かない場所に置きましょう。,新規,3,1
peperomia_dolabriformis,ペペロミア・ドラブリフォルミス,Prayer Peperomia,Peperomia dolabriformis,,ペルー,18〜28℃,35〜55%,10,bright_indirect,medium,舟形の多肉質な葉が上向きに並ぶユニークな品種で、土がしっかり乾いてから水を与えます。多肉質のため乾燥に強く、明るい光を好みますが直射日光は葉焼けの原因になります。誤食は避け、ペットのいる家庭では手の届かない場所に置きましょう。,新規,4,2
begonia_polka_dot,ベゴニア・ポルカドット,Polka Dot Begonia,Begonia maculata,,ブラジル,18〜28℃,50〜70%,7,bright_indirect,medium,土の表面が乾いたら水やりを。強い直射日光は避け、明るい日陰で育てると水玉模様の葉がよく映える。乾燥すると葉先が茶色くなりやすいので湿度を保つ。ペットには毒性があるため誤食注意。,新規,3,3
begonia_luxurians,ベゴニア・ルクスリアンス,Palm Leaf Begonia,Begonia luxurians,,ブラジル,18〜27℃,50〜70%,6,bright_indirect,medium,土の表面が乾いたら水やりを。明るい日陰を好み、ヤシに似た大きな葉は乾燥や直射日光に弱い。風通しが悪いとうどんこ病になりやすい。ペットには毒性があるため誤食注意。,新規,3,3
begonia_listada,ベゴニア・リスタダ,Begonia listada,Begonia listada,,ブラジル,18〜27℃,55〜75%,6,bright_indirect,medium,土の表面が乾いたら水やりを。強い光を嫌い、明るい日陰で育てると縞模様の葉が美しく発色する。乾燥に弱いので湿度管理が重要。ペットには毒性があるため誤食注意。,新規,3,3
begonia_brevirimosa,ベゴニア・ブレビリモサ,Begonia brevirimosa,Begonia brevirimosa,,パプアニューギニア,20〜28℃,60〜80%,6,bright_indirect,hard,土の表面が乾いたら水やりを。高温多湿を好み、光沢のある赤みがかった葉が特徴。乾燥や低温に弱くやや栽培難易度が高い。ペットには毒性があるため誤食注意。,新規,3,4
begonia_amphioxus,ベゴニア・アンフィオクスス,Begonia amphioxus,Begonia amphioxus,,ボルネオ,20〜28℃,60〜80%,6,bright_indirect,hard,土の表面が乾いたら水やりを。ボルネオ原産で高湿度を好み、細長い葉に不規則な模様が入るのが魅力。過湿による根腐れに注意。ペットには毒性があるため誤食注意。,新規,3,4
begonia_bipinnatifida,ベゴニア・ビピンナティフィダ,Begonia bipinnatifida,Begonia bipinnatifida,,中国,15〜25℃,50〜70%,7,bright_indirect,medium,土の表面が乾いたら水やりを。細かく切れ込んだ葉が特徴的で、明るい日陰を好む。乾燥に弱いので土が完全に乾く前に水やりを。ペットには毒性があるため誤食注意。,新規,3,3
begonia_pavonina,ベゴニア・パボニナ（ピーコックベゴニア）,Peacock Begonia,Begonia pavonina,,マレーシア,20〜28℃,65〜85%,6,low_light,hard,土の表面が乾いたら水やりを。孔雀の羽のように光る葉を持ち、暗い林床が自生地のため直射日光を避け弱い光で管理する。低湿度に弱くやや上級者向け。ペットには毒性があるため誤食注意。,新規,2,4
begonia_venosa,ベゴニア・ヴェノサ,Begonia venosa,Begonia venosa,,ブラジル,18〜28℃,40〜60%,10,bright_indirect,easy,土がしっかり乾いてから水やりを。多肉質の葉は乾燥に強く、他のベゴニアより育てやすい。過湿による根腐れにだけ注意すれば丈夫に育つ。ペットには毒性があるため誤食注意。,新規,3,2
begonia_dregei,ベゴニア・ドレゲイ,Maple Leaf Begonia,Begonia dregei,,南アフリカ,15〜25℃,40〜60%,8,bright_indirect,easy,土の表面が乾いたら水やりを。カエデに似た小さな葉と塊茎状の根元が特徴で、比較的育てやすい。冬は休眠して落葉することがあるが心配ない。ペットには毒性があるため誤食注意。,新規,3,2
begonia_boweri,ベゴニア・ボウェリー（アイラッシュベゴニア）,Eyelash Begonia,Begonia bowerae,,メキシコ,18〜26℃,50〜70%,7,bright_indirect,easy,土の表面が乾いたら水やりを。葉の縁に生える毛（アイラッシュ）が特徴の小型種で、初心者にも育てやすい。過湿を避ければ株分けでよく増える。ペットには毒性があるため誤食注意。,新規,3,2
echeveria_colorata,エケベリア・コロラータ,Echeveria colorata,Echeveria colorata,,メキシコ,10〜28℃,30〜50%,14,bright_direct,easy,土が完全に乾いてから水やりを。日光をしっかり浴びせると白みがかった厚い葉が引き締まって育つ。過湿による根腐れが最大の失敗要因。ペットに対する強い毒性報告はないが誤食は避ける。,新規,5,2
echeveria_minima,エケベリア・ミニマ,Echeveria minima,Echeveria minima,,メキシコ,10〜27℃,30〜50%,14,bright_direct,easy,土が完全に乾いてから水やりを。小型でロゼットがコンパクトにまとまり、寄せ植えにも人気。日照不足になると徒長しやすい。ペットに対する強い毒性報告はないが誤食は避ける。,新規,5,2
echeveria_shaviana,エケベリア・シャビアナ,Echeveria shaviana,Echeveria shaviana,,メキシコ,10〜27℃,30〜50%,14,bright_direct,medium,土が完全に乾いてから水やりを。波打つ葉のフリルが特徴で、しっかり日に当てると発色が良くなる。雨ざらしや過湿に弱いので雨よけがあるとよい。ペットに対する強い毒性報告はないが誤食は避ける。,新規,5,3
sedum_nussbaumerianum,セダム・ヌッスバウメリアナム,Coppertone Stonecrop,Sedum nussbaumerianum,,メキシコ,10〜28℃,30〜50%,12,bright_direct,easy,土が完全に乾いてから水やりを。日光によく当てるとオレンジ色に紅葉し、丈夫でよく群生する。徒長しやすいので置き場所の光量に注意。ペットには毒性があるため誤食注意。,新規,5,2
sedum_dasyphyllum,セダム・ダシフィルム,Corsican Stonecrop,Sedum dasyphyllum,,地中海沿岸,5〜25℃,30〜50%,10,bright_direct,easy,土が完全に乾いてから水やりを。米粒のような極小の葉が密に茂り、耐寒性もあり屋外でも育てやすい。過湿にだけ気をつければ非常に丈夫。ペットには毒性があるため誤食注意。,新規,5,2
graptopetalum_amethystinum,グラプトペタルム・アメシスチナム,Lavender Pebbles,Graptopetalum amethystinum,,メキシコ,10〜27℃,30〜50%,14,bright_direct,easy,土が完全に乾いてから水やりを。紫がかった厚みのある葉が特徴で、葉挿しでも簡単に増やせる。過湿による根腐れに注意すれば丈夫に育つ。ペットに対する強い毒性報告はないが誤食は避ける。,新規,5,2
sempervivum_calcareum,センペルビウム・カルカレウム,Hens and Chicks,Sempervivum calcareum,,アルプス山脈,-10〜25℃,30〜50%,10,bright_direct,easy,土が完全に乾いてから水やりを。耐寒性が非常に高く屋外の寒冷地でも越冬できる。夏の高温多湿だけは苦手なので風通しを確保する。ペットに対する強い毒性報告はないが誤食は避ける。,新規,5,1
crassula_arborescens,クラッスラ・アルボレセンス（銀波錦）,Silver Dollar Jade,Crassula arborescens,,南アフリカ,10〜27℃,30〜50%,12,bright_direct,easy,土が完全に乾いてから水やりを。丸く粉をふいたような銀灰色の葉が特徴で、日照を好み丈夫に育つ。過湿による根腐れにだけ注意。ペットには毒性があるため誤食注意。,新規,5,2
crassula_perforata,クラッスラ・ペルフォラータ（星の王子）,String of Buttons,Crassula perforata,,南アフリカ,10〜27℃,30〜50%,10,bright_direct,easy,土が完全に乾いてから水やりを。茎を葉が串刺しにするようなユニークな形状で、よく群生してよく増える。徒長しやすいので日照を確保する。ペットには毒性があるため誤食注意。,新規,5,2
haworthia_cooperi,ハウォルチア・クーペリー,Haworthia cooperi,Haworthia cooperi,,南アフリカ,10〜26℃,40〜60%,12,low_light,easy,土が完全に乾いてから水やりを。透き通った窓のような葉先が特徴で、直射日光より明るい日陰を好む。窓に水滴が残ると傷みやすいので葉に直接水をかけない。ペットに対する強い毒性報告はないが誤食は避ける。,新規,2,2
licuala_grandis,リクアラ・グランディス,Ruffled Fan Palm,Licuala grandis,,バヌアツ,18〜30℃,60〜80%,6,bright_indirect,hard,土の表面が乾いたら水やりを。円形の美しい葉が特徴の高級ヤシで、乾燥と直射日光に弱く湿度管理が重要。生育がゆっくりで上級者向け。ペットに対する強い毒性報告はないが誤食は避ける。,新規,3,4
caryota_mitis,カリオタ・ミティス（クジャクヤシ）,Fishtail Palm,Caryota mitis,,東南アジア,18〜30℃,50〜70%,7,bright_indirect,medium,土の表面が乾いたら水やりを。魚の尾のような切れ込みのある葉が特徴で、成長が早く株立ちになる。寒さに弱いので冬は室内の暖かい場所へ。ペットには毒性があるため誤食注意。,新規,3,3
phoenix_roebelenii,フェニックス・ロベレニー,Pygmy Date Palm,Phoenix roebelenii,,東南アジア,15〜30℃,40〜60%,8,bright_indirect,easy,土の表面が乾いたら水やりを。小型で室内でも育てやすい人気のヤシで、耐陰性もありインテリアに向く。葉先の棘で怪我をしないよう扱いに注意。ペットに対する強い毒性報告はないが誤食は避ける。,新規,3,2
livistona_chinensis,リビストナ・シネンシス（クロツグ）,Chinese Fan Palm,Livistona chinensis,,中国南部,10〜30℃,40〜60%,8,bright_indirect,easy,土の表面が乾いたら水やりを。扇状の葉を持ち耐寒性・耐陰性ともに高く育てやすい。生育は比較的ゆっくりで大型化しやすいので置き場所に注意。ペットに対する強い毒性報告はないが誤食は避ける。,新規,3,2
trachycarpus_fortunei,トラキカルプス・フォルツネイ（シュロ）,Windmill Palm,Trachycarpus fortunei,,中国,-5〜30℃,30〜60%,10,bright_direct,easy,土の表面が乾いたら水やりを。耐寒性が非常に高く屋外の庭植えでも越冬できる丈夫なヤシ。生育旺盛で大きくなるため地植え向き。ペットに対する強い毒性報告はないが誤食は避ける。,新規,4,1
chamaerops_humilis,シャメロプス・フミリス（ヨーロッパヤシ）,European Fan Palm,Chamaerops humilis,,地中海沿岸,0〜30℃,30〜50%,10,bright_direct,easy,土の表面が乾いたら水やりを。耐寒性・耐乾性ともに高く、株立ちでボリュームのある姿になる丈夫なヤシ。棘があるので手入れ時は注意。ペットに対する強い毒性報告はないが誤食は避ける。,新規,4,1
bismarckia_nobilis,ビスマルキア・ノビリス,Bismarck Palm,Bismarckia nobilis,,マダガスカル,18〜32℃,40〜60%,7,bright_direct,hard,土の表面が乾いたら水やりを。銀白色の巨大な扇葉が特徴の存在感あるヤシで、日光を好み寒さに弱い。大型化するため地植え向きで鉢植えでは上級者向け。ペットに対する強い毒性報告はないが誤食は避ける。,新規,4,4
ravenea_rivularis,ラベネア・リブラリス（マジェスティパーム）,Majesty Palm,Ravenea rivularis,,マダガスカル,16〜28℃,60〜80%,6,bright_indirect,medium,土の表面が乾いたら水やりを。水辺原産のため乾燥に弱く、湿度を保つとよく育つ観葉植物人気種。乾燥すると葉先が茶色くなりやすい。ペットに対する強い毒性報告はないが誤食は避ける。,新規,3,3
dypsis_lutescens,ディプシス・ルテセンス（アレカヤシ）,Areca Palm,Dypsis lutescens,,マダガスカル,16〜30℃,50〜70%,7,bright_indirect,easy,土の表面が乾いたら水やりを。株立ちで柔らかい印象の人気観葉植物で、空気清浄効果でも知られる。乾燥した室内ではハダニに注意。ペットに対する強い毒性報告はないが誤食は避ける。,新規,3,2
washingtonia_robusta,ワシントニア・ロブスタ,Mexican Fan Palm,Washingtonia robusta,,メキシコ,10〜32℃,30〜50%,9,bright_direct,easy,土の表面が乾いたら水やりを。まっすぐ伸びる幹と扇状の葉が特徴で、日光を好み生育旺盛。大型化しやすいため地植えや広い空間向き。ペットに対する強い毒性報告はないが誤食は避ける。,新規,4,2
euphorbia_suzannae,ユーフォルビア・スザンナエ,Euphorbia suzannae,Euphorbia suzannae,,南アフリカ,15〜30℃,30〜45%,10,bright_direct,medium,小さな球状の塊茎が群生する小型種で、生育期は土が完全に乾いてからたっぷり水を与え、休眠期の冬は断水気味に管理する。強い直射日光を好み、日照不足だと徒長して締まりのない姿になりやすい。過湿による根腐れが主なトラブルのため、水はけの良い用土を用いる。ユーフォルビア属の白い樹液には皮膚刺激性があり、ペットが誤食すると口腔内や消化器に炎症を起こす恐れがあるため注意する。,新規,5,3
